certificate_id,qnet_code,name,category,qnet_major_job_code,qnet_job_code,description_present,career_tags_present,exam_information_present,raw_acquisition_present,document_count,schedule_count,latest_detail_source_status,career_keyword_candidate,gaps
873c7a1a-119b-4734-abc9-1809d4feb955,0011,용접기술사,T,174,17,False,False,True,True,3,4,,False,ncs_mapping_not_prepared|related_jobs_with_evidence_not_prepared|summary_missing|career_tags_empty
4c79d74e-3e3e-4eb4-9ab8-250bf526941d,0012,금형기술사,T,167,16,False,False,True,True,3,4,,False,ncs_mapping_not_prepared|related_jobs_with_evidence_not_prepared|summary_missing|career_tags_empty
69c99377-5be4-438e-b06f-9ff9e54d2d4f,0050,차량기술사,T,166,16,False,False,True,True,3,4,,False,ncs_mapping_not_prepared|related_jobs_with_evidence_not_prepared|summary_missing|career_tags_empty
a7d8f65c-8dac-467d-a007-7fa6f572e321,0060,산업기계설비기술사,T,162,16,False,False,True,True,2,2,,False,ncs_mapping_not_prepared|related_jobs_with_evidence_not_prepared|summary_missing|career_tags_empty
fc0426fa-fb8d-49a2-ad80-5d472a93628a,0071,공조냉동기계기술사,T,162,16,False,False,True,True,3,6,,False,ncs_mapping_not_prepared|related_jobs_with_evidence_not_prepared|summary_missing|career_tags_empty
61295933-75c0-4026-a0e7-0e9ae25d6e42,0080,건설기계기술사,T,162,16,False,False,True,True,3,4,,False,ncs_mapping_not_prepared|related_jobs_with_evidence_not_prepared|summary_missing|career_tags_empty
7d3dfeb9-deba-47a5-a882-4d87ef4dcb95,0094,금속제련기술사,T,171,17,False,False,True,True,2,2,,False,ncs_mapping_not_prepared|related_jobs_with_evidence_not_prepared|summary_missing|career_tags_empty
4485c477-a87e-4c8f-9b11-81af7c9d5e35,0110,금속재료기술사,T,171,17,False,False,True,True,3,2,,False,ncs_mapping_not_prepared|related_jobs_with_evidence_not_prepared|summary_missing|career_tags_empty
53869540-c1b7-4a0d-bf69-f7cb4c57a895,0120,표면처리기술사,T,175,17,False,False,True,True,3,2,,False,ncs_mapping_not_prepared|related_jobs_with_evidence_not_prepared|summary_missing|career_tags_empty
222f9833-c1cd-47e6-8f3d-bdb5c3865fc9,0130,금속가공기술사,T,171,17,False,False,True,True,3,2,,False,ncs_mapping_not_prepared|related_jobs_with_evidence_not_prepared|summary_missing|career_tags_empty
fa0a6879-0456-48ba-96d8-cf9630d37469,0210,화공기술사,T,181,18,False,False,True,True,3,2,,False,ncs_mapping_not_prepared|related_jobs_with_evidence_not_prepared|summary_missing|career_tags_empty
2f057461-f692-4b16-90f6-03fe79a8b6cc,0230,발송배전기술사,T,201,20,False,False,True,True,3,6,,False,ncs_mapping_not_prepared|related_jobs_with_evidence_not_prepared|summary_missing|career_tags_empty
8a71fad6-0825-42c8-91fd-936f0f83f53f,0250,전기응용기술사,T,201,20,False,False,True,True,3,4,,False,ncs_mapping_not_prepared|related_jobs_with_evidence_not_prepared|summary_missing|career_tags_empty
b545d776-e484-4d8e-9e99-a374df8bbf92,0261,철도신호기술사,T,201,20,False,False,True,True,3,4,,False,ncs_mapping_not_prepared|related_jobs_with_evidence_not_prepared|summary_missing|career_tags_empty
e4064643-c539-4a2e-b1c8-e775c0cfc777,0270,산업계측제어기술사,T,202,20,False,False,True,True,3,2,,False,ncs_mapping_not_prepared|related_jobs_with_evidence_not_prepared|summary_missing|career_tags_empty
58c232b4-b9fe-427c-9a6c-fdf9e5c83785,0301,전자응용기술사,T,202,20,False,False,True,True,3,2,,False,ncs_mapping_not_prepared|related_jobs_with_evidence_not_prepared|summary_missing|career_tags_empty
1036a24c-e644-4a00-879b-e6968874a5e3,0320,조선기술사,T,164,16,False,False,True,True,3,2,,False,ncs_mapping_not_prepared|related_jobs_with_evidence_not_prepared|summary_missing|career_tags_empty
595ac780-05ae-49f4-a378-d1d55b513b23,0360,항공기체기술사,T,165,16,False,False,True,True,3,2,,False,ncs_mapping_not_prepared|related_jobs_with_evidence_not_prepared|summary_missing|career_tags_empty
6d5b08bd-3029-4ec6-970d-c6f5027c7e14,0370,항공기관기술사,T,165,16,False,False,True,True,3,2,,False,ncs_mapping_not_prepared|related_jobs_with_evidence_not_prepared|summary_missing|career_tags_empty
5fdc3bda-6b2a-4026-a48b-77a7c7ff2f0a,0390,토질및기초기술사,T,142,14,False,False,True,True,2,6,,False,ncs_mapping_not_prepared|related_jobs_with_evidence_not_prepared|summary_missing|career_tags_empty
e0feb140-1bd5-4c27-8b72-9e2ea30ac3e5,0400,토목구조기술사,T,142,14,False,False,True,True,2,6,,False,ncs_mapping_not_prepared|related_jobs_with_evidence_not_prepared|summary_missing|career_tags_empty
e883ae04-bc94-4997-b324-581abb510c48,0410,항만및해안기술사,T,142,14,False,False,True,True,3,2,,False,ncs_mapping_not_prepared|related_jobs_with_evidence_not_prepared|summary_missing|career_tags_empty
b6412d06-bedb-4a0b-bf86-8341d62f0824,0420,도로및공항기술사,T,142,14,False,False,True,True,3,6,,False,ncs_mapping_not_prepared|related_jobs_with_evidence_not_prepared|summary_missing|career_tags_empty
17169f55-2822-4b1e-b20b-ea21cae624e6,0430,철도기술사,T,142,14,False,False,True,True,3,6,,False,ncs_mapping_not_prepared|related_jobs_with_evidence_not_prepared|summary_missing|career_tags_empty
13f494b3-48a4-48a1-ad6b-609ecd36ff28,0431,철도차량기술사,T,163,16,False,False,True,True,3,4,,False,ncs_mapping_not_prepared|related_jobs_with_evidence_not_prepared|summary_missing|career_tags_empty
05764ecc-87f0-475c-a50d-ea6847791aa2,0432,전기철도기술사,T,201,20,False,False,True,True,3,4,,False,ncs_mapping_not_prepared|related_jobs_with_evidence_not_prepared|summary_missing|career_tags_empty
1f063ab1-c708-4c8a-91e0-91c2a44359aa,0451,수자원개발기술사,T,142,14,False,False,True,True,3,4,,False,ncs_mapping_not_prepared|related_jobs_with_evidence_not_prepared|summary_missing|career_tags_empty
9a19f09f-1a94-4939-8388-f48f6c82bfaa,0460,상하수도기술사,T,142,14,False,False,True,True,3,6,,False,ncs_mapping_not_prepared|related_jobs_with_evidence_not_prepared|summary_missing|career_tags_empty
be09f5bf-c59c-4212-8fb8-1fcf334b737b,0470,농어업토목기술사,T,142,14,False,False,True,True,3,4,,False,ncs_mapping_not_prepared|related_jobs_with_evidence_not_prepared|summary_missing|career_tags_empty
b9640c1c-9d4a-47ec-b2d8-ce30d398a569,0480,토목시공기술사,T,142,14,False,False,True,True,2,6,,False,ncs_mapping_not_prepared|related_jobs_with_evidence_not_prepared|summary_missing|career_tags_empty
425605a1-e1db-45c7-b40f-90d1badb6e64,0481,토목품질시험기술사,T,142,14,False,False,True,True,3,4,,False,ncs_mapping_not_prepared|related_jobs_with_evidence_not_prepared|summary_missing|career_tags_empty
0e171938-0fcf-4e6c-aaa4-9f637aee0121,0490,건축구조기술사,T,141,14,False,False,True,True,2,6,,False,ncs_mapping_not_prepared|related_jobs_with_evidence_not_prepared|summary_missing|career_tags_empty
0dd44c39-af46-447e-a8b6-a627f002ce20,0501,건축기계설비기술사,T,141,14,False,False,True,True,3,6,,False,ncs_mapping_not_prepared|related_jobs_with_evidence_not_prepared|summary_missing|career_tags_empty
660a37e7-f187-4b23-91ce-c047fab61c21,0502,건축전기설비기술사,T,201,20,False,False,True,True,3,6,,False,ncs_mapping_not_prepared|related_jobs_with_evidence_not_prepared|summary_missing|career_tags_empty
a838b697-318b-450d-9a5e-7212226d67ba,0510,건축시공기술사,T,141,14,False,False,True,True,2,6,,False,ncs_mapping_not_prepared|related_jobs_with_evidence_not_prepared|summary_missing|career_tags_empty
809bcab8-99b1-48dd-8ac3-b9ed5e982657,0511,건축품질시험기술사,T,141,14,False,False,True,True,3,2,,False,ncs_mapping_not_prepared|related_jobs_with_evidence_not_prepared|summary_missing|career_tags_empty
b126be1b-7da7-460f-8fc6-7756d4a63625,0551,섬유기술사,T,191,19,False,False,True,True,2,2,,False,ncs_mapping_not_prepared|related_jobs_with_evidence_not_prepared|summary_missing|career_tags_empty
d6286715-7625-4614-b647-4277dfa62cea,0561,의류기술사,T,191,19,False,False,True,True,3,2,,False,ncs_mapping_not_prepared|related_jobs_with_evidence_not_prepared|summary_missing|career_tags_empty
e461038c-c8ab-413b-8dad-1485ef67d589,0591,화약류관리기술사,T,151,15,False,False,True,True,3,2,,False,ncs_mapping_not_prepared|related_jobs_with_evidence_not_prepared|summary_missing|career_tags_empty
9c3ca98a-167e-4774-aa70-9dd088d0e040,0601,정보관리기술사,T,211,21,False,False,True,True,3,6,,False,ncs_mapping_not_prepared|related_jobs_with_evidence_not_prepared|summary_missing|career_tags_empty
5573a278-5673-4816-abfa-b12bc58febaf,0622,컴퓨터시스템응용기술사,T,211,21,False,False,True,True,2,4,,False,ncs_mapping_not_prepared|related_jobs_with_evidence_not_prepared|summary_missing|career_tags_empty
75cb1ea7-941c-40f5-b6a7-99941fcae058,0650,도시계획기술사,T,144,14,False,False,True,True,3,6,,False,ncs_mapping_not_prepared|related_jobs_with_evidence_not_prepared|summary_missing|career_tags_empty
50880e66-5fed-489e-bad2-d73ccbdc5f37,0670,조경기술사,T,143,14,False,False,True,True,3,4,,False,ncs_mapping_not_prepared|related_jobs_with_evidence_not_prepared|summary_missing|career_tags_empty
de229e47-f071-4139-8c66-91f4dfea43c3,0680,측량및지형공간정보기술사,T,142,14,False,False,True,True,3,4,,False,ncs_mapping_not_prepared|related_jobs_with_evidence_not_prepared|summary_missing|career_tags_empty
6f1ede53-2e37-4545-8e78-21574eb722cb,0690,지적기술사,T,142,14,False,False,True,True,3,4,,False,ncs_mapping_not_prepared|related_jobs_with_evidence_not_prepared|summary_missing|career_tags_empty
7c90d36b-42e8-408d-89e8-409864ccac13,0700,해양기술사,T,142,14,False,False,True,True,3,2,,False,ncs_mapping_not_prepared|related_jobs_with_evidence_not_prepared|summary_missing|career_tags_empty
4ac9f749-f6ea-4962-9518-a1ae8c0c8453,0701,수산양식기술사,T,244,24,False,False,True,True,3,2,,False,ncs_mapping_not_prepared|related_jobs_with_evidence_not_prepared|summary_missing|career_tags_empty
a151eeb4-e1dc-4679-b4a7-a58a6f2d98c0,0702,어업기술사,T,244,24,False,False,True,True,3,2,,False,ncs_mapping_not_prepared|related_jobs_with_evidence_not_prepared|summary_missing|career_tags_empty
72a865a5-2506-4a7a-8d3f-58ccea7b1270,0710,기계안전기술사,T,251,25,False,False,True,True,3,4,,False,ncs_mapping_not_prepared|related_jobs_with_evidence_not_prepared|summary_missing|career_tags_empty
1e3a8651-e1f3-4111-9a67-06305b9cc753,0720,화공안전기술사,T,251,25,False,False,True,True,3,4,,False,ncs_mapping_not_prepared|related_jobs_with_evidence_not_prepared|summary_missing|career_tags_empty
7fdb12de-5422-4f10-8724-62e1350a0daf,0730,전기안전기술사,T,251,25,False,False,True,True,3,4,,False,ncs_mapping_not_prepared|related_jobs_with_evidence_not_prepared|summary_missing|career_tags_empty
4835cf16-a7f5-4e7f-87a4-2c8501ab6f85,0740,건설안전기술사,T,251,25,False,False,True,True,3,6,,False,ncs_mapping_not_prepared|related_jobs_with_evidence_not_prepared|summary_missing|career_tags_empty
938cdaee-ea5f-4351-83ad-fe82e5bd2506,0750,소방기술사,T,251,25,False,False,True,True,3,6,,False,ncs_mapping_not_prepared|related_jobs_with_evidence_not_prepared|summary_missing|career_tags_empty
05fb32c2-f73e-4fc0-a0fd-8611dbb450ad,0751,산업위생관리기술사,T,251,25,False,False,True,True,3,4,,False,ncs_mapping_not_prepared|related_jobs_with_evidence_not_prepared|summary_missing|career_tags_empty
5b20c6b2-678b-4971-94c6-7663dba44376,0752,가스기술사,T,251,25,False,False,True,True,2,2,,False,ncs_mapping_not_prepared|related_jobs_with_evidence_not_prepared|summary_missing|career_tags_empty
7ba10089-26de-4627-9235-3cb16202433e,0760,공장관리기술사,T,024,02,False,False,True,True,3,2,,False,ncs_mapping_not_prepared|related_jobs_with_evidence_not_prepared|summary_missing|career_tags_empty
0ce5aeb8-d393-407a-9907-7ffc35cb83f0,0770,품질관리기술사,T,024,02,False,False,True,True,3,4,,False,ncs_mapping_not_prepared|related_jobs_with_evidence_not_prepared|summary_missing|career_tags_empty
7b68a2f3-9083-4a00-a622-8f464c56f76c,0780,포장기술사,T,024,02,False,False,True,True,3,2,,False,ncs_mapping_not_prepared|related_jobs_with_evidence_not_prepared|summary_missing|career_tags_empty
6566b4ed-3261-43da-a260-825a7208253c,0790,세라믹기술사,T,171,17,False,False,True,True,3,2,,False,ncs_mapping_not_prepared|related_jobs_with_evidence_not_prepared|summary_missing|career_tags_empty
e533e523-b43d-4bd9-8aad-dedd1ff66975,0800,식품기술사,T,221,22,False,False,True,True,3,4,,False,ncs_mapping_not_prepared|related_jobs_with_evidence_not_prepared|summary_missing|career_tags_empty
282ef4b0-075e-4885-a912-c4b08d24c0b8,0801,산림기술사,T,243,24,False,False,True,True,3,4,,False,ncs_mapping_not_prepared|related_jobs_with_evidence_not_prepared|summary_missing|career_tags_empty
055879b7-74e8-482e-8b52-bc77b7b2a8d0,0802,비파괴검사기술사,T,252,25,False,False,True,True,3,2,,False,ncs_mapping_not_prepared|related_jobs_with_evidence_not_prepared|summary_missing|career_tags_empty
9162b19c-5c73-40cc-9ead-618921143dbd,0810,수산제조기술사,T,221,22,False,False,True,True,3,2,,False,ncs_mapping_not_prepared|related_jobs_with_evidence_not_prepared|summary_missing|career_tags_empty
12a9c7ab-4ed1-4e73-9f85-93f615d1b63b,0825,지질및지반기술사,T,142,14,False,False,True,True,3,4,,False,ncs_mapping_not_prepared|related_jobs_with_evidence_not_prepared|summary_missing|career_tags_empty
9a55f2b2-f9fe-4597-a5fb-ff0673ddd345,0840,종자기술사,T,241,24,False,False,True,True,3,2,,False,ncs_mapping_not_prepared|related_jobs_with_evidence_not_prepared|summary_missing|career_tags_empty
dab58708-5bcd-4d9a-880f-bee99101be6f,0841,시설원예기술사,T,241,24,False,False,True,True,3,2,,False,ncs_mapping_not_prepared|related_jobs_with_evidence_not_prepared|summary_missing|career_tags_empty
89b5d17c-39f2-4773-9910-d9ac4783e812,0851,축산기술사,T,242,24,False,False,True,True,3,2,,False,ncs_mapping_not_prepared|related_jobs_with_evidence_not_prepared|summary_missing|career_tags_empty
398ef863-c0dc-484b-af27-4bde15ac9548,0872,기계기술사,T,161,16,False,False,True,True,2,2,,False,ncs_mapping_not_prepared|related_jobs_with_evidence_not_prepared|summary_missing|career_tags_empty
3ee08701-25cc-4cd7-aa15-9cd36bb7ad2e,0875,인간공학기술사,T,251,25,False,False,True,True,3,2,,False,ncs_mapping_not_prepared|related_jobs_with_evidence_not_prepared|summary_missing|career_tags_empty
0625148f-9ee2-4abf-af36-2f443f3a154c,0891,기상예보기술사,T,262,26,False,False,True,True,3,2,,False,ncs_mapping_not_prepared|related_jobs_with_evidence_not_prepared|summary_missing|career_tags_empty
201b4ba2-c596-4c8f-b74f-f421df7ed6ff,0920,대기관리기술사,T,261,26,False,False,True,True,3,2,,False,ncs_mapping_not_prepared|related_jobs_with_evidence_not_prepared|summary_missing|career_tags_empty
2d6928fd-f690-4496-80d8-66c7552df2b8,0930,수질관리기술사,T,261,26,False,False,True,True,3,4,,False,ncs_mapping_not_prepared|related_jobs_with_evidence_not_prepared|summary_missing|career_tags_empty
0e3bcb99-ef68-4c4f-9707-d0aa41d31406,0938,자연환경관리기술사,T,261,26,False,False,True,True,3,4,,False,ncs_mapping_not_prepared|related_jobs_with_evidence_not_prepared|summary_missing|career_tags_empty
c5c475f5-d41e-4b5e-b001-a50de9c876e6,0940,소음진동기술사,T,261,26,False,False,True,True,3,2,,False,ncs_mapping_not_prepared|related_jobs_with_evidence_not_prepared|summary_missing|career_tags_empty
cf75fe1e-e950-4724-a7fc-c916550d682b,0948,토양환경기술사,T,261,26,False,False,True,True,3,2,,False,ncs_mapping_not_prepared|related_jobs_with_evidence_not_prepared|summary_missing|career_tags_empty
27a8afe7-bfc7-42dc-81a0-27c39c2b05b5,0950,농화학기술사,T,241,24,False,False,True,True,3,2,,False,ncs_mapping_not_prepared|related_jobs_with_evidence_not_prepared|summary_missing|career_tags_empty
d5e65820-a24e-4ffd-86fb-bae07ebc3350,0951,교통기술사,T,144,14,False,False,True,True,3,4,,False,ncs_mapping_not_prepared|related_jobs_with_evidence_not_prepared|summary_missing|career_tags_empty
f510a189-9c44-4f85-9f2a-4d53d74e6b8f,0960,제품디자인기술사,T,082,08,False,False,True,True,3,2,,False,ncs_mapping_not_prepared|related_jobs_with_evidence_not_prepared|summary_missing|career_tags_empty
b375a777-1661-4f9a-b5e1-c20db55d8147,0970,폐기물처리기술사,T,261,26,False,False,True,True,3,2,,False,ncs_mapping_not_prepared|related_jobs_with_evidence_not_prepared|summary_missing|career_tags_empty
19a079b7-797b-450c-9f9b-30168d5ea3e9,1021,일반기계기사,T,161,16,False,False,True,True,3,6,,False,ncs_mapping_not_prepared|related_jobs_with_evidence_not_prepared|summary_missing|career_tags_empty
727863f2-41da-4ff7-87b9-c3d6f6c7dc23,1022,용접기사,T,174,17,False,False,True,True,3,4,,False,ncs_mapping_not_prepared|related_jobs_with_evidence_not_prepared|summary_missing|career_tags_empty
3ff89df5-5735-47c6-836a-cbed18dcfc61,1023,농업기계기사,T,162,16,False,False,True,True,3,2,,False,ncs_mapping_not_prepared|related_jobs_with_evidence_not_prepared|summary_missing|career_tags_empty
4b023d73-3c2e-430d-982e-ecf3b13a34b7,1024,사출금형기사,T,167,16,False,False,True,True,3,2,,False,ncs_mapping_not_prepared|related_jobs_with_evidence_not_prepared|summary_missing|career_tags_empty
d4fc54fd-069f-4e53-92a1-238a40ac6b26,1025,프레스금형기사,T,167,16,False,False,True,True,3,2,,False,ncs_mapping_not_prepared|related_jobs_with_evidence_not_prepared|summary_missing|career_tags_empty
985ae019-cf88-413f-8713-527875014ea1,1027,그린전동자동차기사,T,166,16,False,False,True,True,3,4,,False,ncs_mapping_not_prepared|related_jobs_with_evidence_not_prepared|summary_missing|career_tags_empty
79b73718-1297-45dc-887b-bc1811b6e402,1028,온실가스관리기사,T,261,26,False,False,True,True,3,4,,False,ncs_mapping_not_prepared|related_jobs_with_evidence_not_prepared|summary_missing|career_tags_empty
fef3c7ce-6f1a-479c-90bf-c72aebae6241,1029,환경위해관리기사,T,261,26,False,False,True,True,3,2,,False,ncs_mapping_not_prepared|related_jobs_with_evidence_not_prepared|summary_missing|career_tags_empty
0b39f03c-ad21-40cc-8ae2-059c57c6f962,1030,철도차량기사,T,163,16,False,False,True,True,3,2,,False,ncs_mapping_not_prepared|related_jobs_with_evidence_not_prepared|summary_missing|career_tags_empty
b7cc4e39-d13c-4c72-816d-ed5a52e1cdfc,1040,건설기계설비기사,T,162,16,False,False,True,True,3,6,,False,ncs_mapping_not_prepared|related_jobs_with_evidence_not_prepared|summary_missing|career_tags_empty
3f9acace-b33b-4fc7-b390-709b45c359c5,1048,콘크리트기사,T,142,14,False,False,True,True,3,6,,False,ncs_mapping_not_prepared|related_jobs_with_evidence_not_prepared|summary_missing|career_tags_empty
d91c5dbc-ef07-41da-ac11-bf41b1ac9d8f,1050,건설기계정비기사,T,162,16,False,False,True,True,3,2,,False,ncs_mapping_not_prepared|related_jobs_with_evidence_not_prepared|summary_missing|career_tags_empty
d4c3bddd-d7aa-4330-913f-0c220c431d4a,1051,궤도장비정비기사,T,162,16,False,False,True,True,3,2,,False,ncs_mapping_not_prepared|related_jobs_with_evidence_not_prepared|summary_missing|career_tags_empty
4286f561-06fc-431a-b577-70ae1ba24850,1070,자동차정비기사,T,166,16,False,False,True,True,3,6,,False,ncs_mapping_not_prepared|related_jobs_with_evidence_not_prepared|summary_missing|career_tags_empty
2d3e6638-8423-46b0-9bd1-397864cdee2d,1104,금속재료기사,T,171,17,False,False,True,True,3,4,,False,ncs_mapping_not_prepared|related_jobs_with_evidence_not_prepared|summary_missing|career_tags_empty
a9e803e4-fb50-4030-acb2-6ddd721256e2,1110,화공기사,T,181,18,False,False,True,True,3,6,,False,ncs_mapping_not_prepared|related_jobs_with_evidence_not_prepared|summary_missing|career_tags_empty
dfdf749c-857d-48f8-9c31-1f64a7301b87,1114,신재생에너지발전설비기사(태양광),T,262,26,False,False,True,True,3,6,,False,ncs_mapping_not_prepared|related_jobs_with_evidence_not_prepared|summary_missing|career_tags_empty
2ce28d86-df04-4190-9521-6421e73fc31b,1121,임베디드기사,T,202,20,False,False,True,False,2,2,,False,ncs_mapping_not_prepared|related_jobs_with_evidence_not_prepared|summary_missing|career_tags_empty
5598ac50-7102-429c-b097-ca345742f7a9,1125,정밀화학기사,T,181,18,False,False,True,True,3,2,,False,ncs_mapping_not_prepared|related_jobs_with_evidence_not_prepared|summary_missing|career_tags_empty
6cdf5570-3523-4e36-aa24-e12524d704f6,1130,화약류제조기사,T,181,18,False,False,True,True,3,2,,False,ncs_mapping_not_prepared|related_jobs_with_evidence_not_prepared|summary_missing|career_tags_empty
415fc0be-ca82-4c43-aad2-a42760cb87a5,1140,화약류관리기사,T,151,15,False,False,True,True,3,4,,False,ncs_mapping_not_prepared|related_jobs_with_evidence_not_prepared|summary_missing|career_tags_empty
1b76163a-8229-4cd8-b7d0-f277195a2b74,1150,전기기사,T,201,20,False,False,True,True,3,6,,False,ncs_mapping_not_prepared|related_jobs_with_evidence_not_prepared|summary_missing|career_tags_empty
76138ffb-ef1d-4be4-97a3-4e91d0c89546,1160,전기공사기사,T,201,20,False,False,True,True,3,6,,False,ncs_mapping_not_prepared|related_jobs_with_evidence_not_prepared|summary_missing|career_tags_empty
bd0391b3-d839-4139-8b88-74c56a7a7ad3,1170,전자기사,T,202,20,False,False,True,True,3,6,,False,ncs_mapping_not_prepared|related_jobs_with_evidence_not_prepared|summary_missing|career_tags_empty
1697dc08-d248-41fd-a134-d86e30387614,1176,의공기사,T,202,20,False,False,True,True,3,4,,False,ncs_mapping_not_prepared|related_jobs_with_evidence_not_prepared|summary_missing|career_tags_empty
679e454e-f4a4-4a5e-bbaf-0616ebb9c64f,1177,로봇기구개발기사,T,202,20,False,False,True,True,3,2,,False,ncs_mapping_not_prepared|related_jobs_with_evidence_not_prepared|summary_missing|career_tags_empty
8a7fc83c-1e58-481c-9134-01c7106b3477,1178,로봇소프트웨어개발기사,T,202,20,False,False,True,True,3,2,,False,ncs_mapping_not_prepared|related_jobs_with_evidence_not_prepared|summary_missing|career_tags_empty
9ecc05ac-cc0a-4e73-ace7-4160c8cdee6d,1179,로봇하드웨어개발기사,T,202,20,False,False,True,True,3,2,,False,ncs_mapping_not_prepared|related_jobs_with_evidence_not_prepared|summary_missing|career_tags_empty
cf4a75ad-4ebe-49e6-ab3a-1d8dafc3f485,1221,조선선체기사,T,164,16,False,False,True,True,3,2,,False,ncs_mapping_not_prepared|related_jobs_with_evidence_not_prepared|summary_missing|career_tags_empty
1c52822a-4858-4aa0-aa5e-51c169037234,1222,조선의장기사,T,164,16,False,False,True,True,3,2,,False,ncs_mapping_not_prepared|related_jobs_with_evidence_not_prepared|summary_missing|career_tags_empty
07a49748-0b18-4556-ab9e-119eea9f3a1a,1240,항공기사,T,165,16,False,False,True,True,3,2,,False,ncs_mapping_not_prepared|related_jobs_with_evidence_not_prepared|summary_missing|career_tags_empty
aca18d37-a53a-452b-87c0-8165a4fb78ba,1250,토목기사,T,142,14,False,False,True,True,3,6,,False,ncs_mapping_not_prepared|related_jobs_with_evidence_not_prepared|summary_missing|career_tags_empty
c33a8678-23c0-42f4-8560-715050020724,1282,실내건축기사,T,141,14,False,False,True,True,3,6,,False,ncs_mapping_not_prepared|related_jobs_with_evidence_not_prepared|summary_missing|career_tags_empty
b2e38003-73d8-4a6b-ab42-2e8e0c6c304a,1297,섬유기사,T,191,19,False,False,True,True,3,2,,False,ncs_mapping_not_prepared|related_jobs_with_evidence_not_prepared|summary_missing|career_tags_empty
1f838eff-a6f7-4231-ba22-41aabe5a7a9e,1301,의류기사,T,191,19,False,False,True,True,3,2,,False,ncs_mapping_not_prepared|related_jobs_with_evidence_not_prepared|summary_missing|career_tags_empty
79a6a7a3-5fbc-4b64-80dd-732206f3fb81,1320,정보처리기사,T,211,21,False,False,True,True,3,6,,False,ncs_mapping_not_prepared|related_jobs_with_evidence_not_prepared|summary_missing|career_tags_empty
c4dcecdf-c1d2-487a-bc03-34695eeac050,1340,에너지관리기사,T,262,26,False,False,True,True,3,6,,False,ncs_mapping_not_prepared|related_jobs_with_evidence_not_prepared|summary_missing|career_tags_empty
48aae198-f27d-4e85-8d1c-d4da8d822fe3,1350,도시계획기사,T,144,14,False,False,True,True,3,6,,False,ncs_mapping_not_prepared|related_jobs_with_evidence_not_prepared|summary_missing|career_tags_empty
648e203b-be66-482f-af48-ca5a751f1309,1351,항로표지기사,T,142,14,False,False,True,True,3,2,,False,ncs_mapping_not_prepared|related_jobs_with_evidence_not_prepared|summary_missing|career_tags_empty
a531d834-ac76-40b8-9cac-60eef968361c,1370,조경기사,T,143,14,False,False,True,True,3,6,,False,ncs_mapping_not_prepared|related_jobs_with_evidence_not_prepared|summary_missing|career_tags_empty
cc7fa33a-25ba-4afb-aa88-50fdcab051fe,1380,측량및지형공간정보기사,T,142,14,False,False,True,True,3,6,,False,ncs_mapping_not_prepared|related_jobs_with_evidence_not_prepared|summary_missing|career_tags_empty
b7b6e1e0-158a-4ae8-8f0a-11593066073a,1390,지적기사,T,142,14,False,False,True,True,3,6,,False,ncs_mapping_not_prepared|related_jobs_with_evidence_not_prepared|summary_missing|career_tags_empty
04df2cda-aca0-4863-b196-068276b5aae0,1391,인쇄설계기사,T,231,23,False,False,True,True,3,2,,False,ncs_mapping_not_prepared|related_jobs_with_evidence_not_prepared|summary_missing|career_tags_empty
e968b3f4-2822-4028-9c47-c3372e96abee,1401,해양환경기사,T,142,14,False,False,True,True,3,4,,False,ncs_mapping_not_prepared|related_jobs_with_evidence_not_prepared|summary_missing|career_tags_empty
62951ce6-7357-4673-acd1-5115c72239bb,1402,해양자원개발기사,T,142,14,False,False,True,True,3,2,,False,ncs_mapping_not_prepared|related_jobs_with_evidence_not_prepared|summary_missing|career_tags_empty
4d97acf0-5d03-4690-8171-3c1e724cc78c,1403,해양공학기사,T,142,14,False,False,True,True,3,2,,False,ncs_mapping_not_prepared|related_jobs_with_evidence_not_prepared|summary_missing|career_tags_empty
f194811b-b634-426d-9e1b-20b2a39def11,1431,산업안전기사,T,251,25,False,False,True,True,3,6,,False,ncs_mapping_not_prepared|related_jobs_with_evidence_not_prepared|summary_missing|career_tags_empty
3e1d21fb-26b8-4f29-bf66-fd9da485824d,1440,건설안전기사,T,251,25,False,False,True,True,3,6,,False,ncs_mapping_not_prepared|related_jobs_with_evidence_not_prepared|summary_missing|career_tags_empty
061bed06-e4bc-461c-9ad1-6a7efe3c286c,1441,화재감식평가기사,T,251,25,False,False,True,True,3,6,,False,ncs_mapping_not_prepared|related_jobs_with_evidence_not_prepared|summary_missing|career_tags_empty
2d5589d6-c2de-4378-b4b2-7d3f80d04423,1442,농작업안전보건기사,T,251,25,False,False,True,True,3,2,,False,ncs_mapping_not_prepared|related_jobs_with_evidence_not_prepared|summary_missing|career_tags_empty
cb0a6833-91e2-4f07-89ed-1d032249ec27,1443,방재기사,T,251,25,False,False,True,True,3,4,,False,ncs_mapping_not_prepared|related_jobs_with_evidence_not_prepared|summary_missing|career_tags_empty
fddec4a7-58fb-49d9-9042-945042e48b24,1471,가스기사,T,251,25,False,False,True,True,3,6,,False,ncs_mapping_not_prepared|related_jobs_with_evidence_not_prepared|summary_missing|career_tags_empty
48c5e5d1-d305-4c02-a3f5-d820c8e5d14d,1472,산업위생관리기사,T,251,25,False,False,True,True,3,6,,False,ncs_mapping_not_prepared|related_jobs_with_evidence_not_prepared|summary_missing|career_tags_empty
52bf902e-bb12-4f28-9366-b93563fa06c0,1500,품질경영기사,T,024,02,False,False,True,True,3,6,,False,ncs_mapping_not_prepared|related_jobs_with_evidence_not_prepared|summary_missing|career_tags_empty
b7428c70-343a-4968-a0dd-48a81b65d1a6,1511,포장기사,T,024,02,False,False,True,True,3,2,,False,ncs_mapping_not_prepared|related_jobs_with_evidence_not_prepared|summary_missing|career_tags_empty
a6f282fc-b93c-4464-833f-0a7ef40e88d2,1512,제품디자인기사,T,082,08,False,False,True,True,3,2,,False,ncs_mapping_not_prepared|related_jobs_with_evidence_not_prepared|summary_missing|career_tags_empty
8da2442a-c11a-4c09-b9f1-38f99e7b7a25,1513,광학기사,T,202,20,False,False,True,True,3,2,,False,ncs_mapping_not_prepared|related_jobs_with_evidence_not_prepared|summary_missing|career_tags_empty
adb03abc-8dab-4cc5-a1ef-148fb3be5f57,1530,식품안전기사,T,221,22,False,False,True,True,3,6,,False,ncs_mapping_not_prepared|related_jobs_with_evidence_not_prepared|summary_missing|career_tags_empty
b1b3dcbf-0cbd-4ffb-8864-e845203ac6e3,1540,수산제조기사,T,221,22,False,False,True,True,3,2,,False,ncs_mapping_not_prepared|related_jobs_with_evidence_not_prepared|summary_missing|career_tags_empty
aa307362-7450-4efc-aba8-dde7e2998bdc,1541,식육가공기사,T,221,22,False,False,True,True,3,2,,False,ncs_mapping_not_prepared|related_jobs_with_evidence_not_prepared|summary_missing|career_tags_empty
717b2bdd-52c1-4ab0-931e-05976b9a0dcc,1550,응용지질기사,T,142,14,False,False,True,True,3,4,,False,ncs_mapping_not_prepared|related_jobs_with_evidence_not_prepared|summary_missing|career_tags_empty
0186612b-8165-4371-b7a9-fb26ba08e53a,1555,승강기기사,T,162,16,False,False,True,True,3,6,,False,ncs_mapping_not_prepared|related_jobs_with_evidence_not_prepared|summary_missing|career_tags_empty
9ded5e3a-4da1-499e-9ab6-350aa4cb9549,1560,종자기사,T,241,24,False,False,True,True,3,6,,False,ncs_mapping_not_prepared|related_jobs_with_evidence_not_prepared|summary_missing|career_tags_empty
3171cc9a-b3b3-488f-99c9-745faf55dcf3,1562,식물보호기사,T,243,24,False,False,True,True,3,6,,False,ncs_mapping_not_prepared|related_jobs_with_evidence_not_prepared|summary_missing|career_tags_empty
bba554f6-487a-4c72-8c1a-eeb39ab04206,1563,화학분석기사,T,181,18,False,False,True,True,3,6,,False,ncs_mapping_not_prepared|related_jobs_with_evidence_not_prepared|summary_missing|career_tags_empty
1218c170-ddf9-4d78-a6c7-08a5dd609bf6,1564,산림기사,T,243,24,False,False,True,True,3,6,,False,ncs_mapping_not_prepared|related_jobs_with_evidence_not_prepared|summary_missing|career_tags_empty
bb2bb48a-3deb-48d5-a316-2a101b90974b,1570,임업종묘기사,T,243,24,False,False,True,True,3,2,,False,ncs_mapping_not_prepared|related_jobs_with_evidence_not_prepared|summary_missing|career_tags_empty
c3e39308-00b5-46be-866c-390778d6607d,1576,화훼장식기사,T,241,24,False,False,True,True,3,2,,False,ncs_mapping_not_prepared|related_jobs_with_evidence_not_prepared|summary_missing|career_tags_empty
c51ee7df-a389-4f60-b787-2a6b4941ee1f,1581,축산기사,T,242,24,False,False,True,True,3,6,,False,ncs_mapping_not_prepared|related_jobs_with_evidence_not_prepared|summary_missing|career_tags_empty
317dec67-dfad-4060-ac2f-be845a1ec94b,1582,농림토양평가관리기사,T,261,26,False,False,True,False,0,0,,False,ncs_mapping_not_prepared|related_jobs_with_evidence_not_prepared|summary_missing|career_tags_empty
b4540da3-7395-4d69-b104-804940ea1230,1590,임산가공기사,T,243,24,False,False,True,True,3,2,,False,ncs_mapping_not_prepared|related_jobs_with_evidence_not_prepared|summary_missing|career_tags_empty
169ce804-97e8-4503-a88d-c539dbe34f30,1592,유기농업기사,T,241,24,False,False,True,True,3,6,,False,ncs_mapping_not_prepared|related_jobs_with_evidence_not_prepared|summary_missing|career_tags_empty
5cd39e86-5007-4972-91ca-872ff59b0d72,1600,기상기사,T,262,26,False,False,True,True,3,4,,False,ncs_mapping_not_prepared|related_jobs_with_evidence_not_prepared|summary_missing|career_tags_empty
00bdbb06-f4d5-4346-aaad-2418edc6cee4,1601,기상감정기사,T,262,26,False,False,True,True,3,2,,False,ncs_mapping_not_prepared|related_jobs_with_evidence_not_prepared|summary_missing|career_tags_empty
365934e2-babc-4a28-9976-d66c2ba3304d,1611,방사선비파괴검사기사,T,252,25,False,False,True,True,3,4,,False,ncs_mapping_not_prepared|related_jobs_with_evidence_not_prepared|summary_missing|career_tags_empty
6456a768-9617-453b-bc1e-5d4b082a7579,1612,초음파비파괴검사기사,T,252,25,False,False,True,True,3,4,,False,ncs_mapping_not_prepared|related_jobs_with_evidence_not_prepared|summary_missing|career_tags_empty
d7b9f8bc-85e1-434f-8483-338d2c0cd9d0,1613,자기비파괴검사기사,T,252,25,False,False,True,True,3,4,,False,ncs_mapping_not_prepared|related_jobs_with_evidence_not_prepared|summary_missing|career_tags_empty
6e3de34a-6a35-4a9e-9f9f-44283f602ed7,1614,침투비파괴검사기사,T,252,25,False,False,True,True,3,6,,False,ncs_mapping_not_prepared|related_jobs_with_evidence_not_prepared|summary_missing|career_tags_empty
7e564461-fad9-4cfe-aac7-1c3489b2521c,1615,와전류비파괴검사기사,T,252,25,False,False,True,True,3,2,,False,ncs_mapping_not_prepared|related_jobs_with_evidence_not_prepared|summary_missing|career_tags_empty
bb186ac6-38b5-4050-bfe8-36b0b0719da5,1617,누설비파괴검사기사,T,252,25,False,False,True,True,3,2,,False,ncs_mapping_not_prepared|related_jobs_with_evidence_not_prepared|summary_missing|career_tags_empty
ca61cb98-20aa-442c-9bad-1c95f9e5e190,1625,수산양식기사,T,244,24,False,False,True,True,3,4,,False,ncs_mapping_not_prepared|related_jobs_with_evidence_not_prepared|summary_missing|career_tags_empty
0d611e9d-8ccd-4c47-b89d-b813644dfa30,1626,어병기사,T,244,24,False,False,True,False,0,0,,False,ncs_mapping_not_prepared|related_jobs_with_evidence_not_prepared|summary_missing|career_tags_empty
d8edfdba-b9ca-43dc-9aa6-4ea6d0515765,1630,건축기사,T,141,14,False,False,True,True,3,6,,False,ncs_mapping_not_prepared|related_jobs_with_evidence_not_prepared|summary_missing|career_tags_empty
1b7f8aea-3f74-4909-86fc-4d1c3061dd4f,1632,건축설비기사,T,141,14,False,False,True,True,3,6,,False,ncs_mapping_not_prepared|related_jobs_with_evidence_not_prepared|summary_missing|career_tags_empty
ba396bdb-1e4d-42af-8f42-dd89281c42d9,1633,어업생산관리기사,T,244,24,False,False,True,True,3,2,,False,ncs_mapping_not_prepared|related_jobs_with_evidence_not_prepared|summary_missing|career_tags_empty
23c1507a-38f2-41e4-a8ca-430c06f1cfb9,1641,버섯산업기사,T,243,24,False,False,True,True,3,2,,False,ncs_mapping_not_prepared|related_jobs_with_evidence_not_prepared|summary_missing|career_tags_empty
770e6c5b-6241-4087-b5c9-a5d61540b33d,1661,대기환경기사,T,261,26,False,False,True,True,3,6,,False,ncs_mapping_not_prepared|related_jobs_with_evidence_not_prepared|summary_missing|career_tags_empty
98987633-6523-4644-8858-419a295bc1b5,1662,수질환경기사,T,261,26,False,False,True,True,3,6,,False,ncs_mapping_not_prepared|related_jobs_with_evidence_not_prepared|summary_missing|career_tags_empty
065fb139-1d53-4d79-80bc-b21c9ea62226,1663,소음진동기사,T,261,26,False,False,True,True,3,4,,False,ncs_mapping_not_prepared|related_jobs_with_evidence_not_prepared|summary_missing|career_tags_empty
a7f77f5a-6f2b-4ae9-9433-4a18b36924a4,1730,공조냉동기계기사,T,162,16,False,False,True,True,3,6,,False,ncs_mapping_not_prepared|related_jobs_with_evidence_not_prepared|summary_missing|career_tags_empty
b7cbe769-5429-4e5a-9efa-4eed7ab0db06,1740,철도신호기사,T,201,20,False,False,True,True,3,4,,False,ncs_mapping_not_prepared|related_jobs_with_evidence_not_prepared|summary_missing|career_tags_empty
5fd60f55-ab42-42a7-9b93-05c95c307480,1741,전기철도기사,T,201,20,False,False,True,True,3,2,,False,ncs_mapping_not_prepared|related_jobs_with_evidence_not_prepared|summary_missing|career_tags_empty
f608b854-658e-4744-bfd0-a8b36c5a294a,1750,건설재료시험기사,T,142,14,False,False,True,True,3,6,,False,ncs_mapping_not_prepared|related_jobs_with_evidence_not_prepared|summary_missing|career_tags_empty
6ad4bf24-a489-4c89-bf65-38640316a209,1751,교통기사,T,144,14,False,False,True,True,3,6,,False,ncs_mapping_not_prepared|related_jobs_with_evidence_not_prepared|summary_missing|career_tags_empty
0ce8e38b-ffbc-44c9-bfc4-976722b2b3fa,1760,철도토목기사,T,142,14,False,False,True,True,3,2,,False,ncs_mapping_not_prepared|related_jobs_with_evidence_not_prepared|summary_missing|career_tags_empty
f00dc16a-7499-4482-a7b1-e5a5355ea42f,1780,시설원예기사,T,241,24,False,False,True,True,3,2,,False,ncs_mapping_not_prepared|related_jobs_with_evidence_not_prepared|summary_missing|career_tags_empty
936392af-a3a5-451a-850b-349d9de11469,1790,시각디자인기사,T,082,08,False,False,True,True,3,2,,False,ncs_mapping_not_prepared|related_jobs_with_evidence_not_prepared|summary_missing|career_tags_empty
e75264e6-5046-4a7d-866f-55fe5b17c26a,1800,바이오화학제품제조기사,T,181,18,False,False,True,True,3,4,,False,ncs_mapping_not_prepared|related_jobs_with_evidence_not_prepared|summary_missing|career_tags_empty
ca8ac94a-6618-4839-96f0-e7895e89fdf2,1810,제판기사,T,231,23,False,False,True,False,0,0,,False,ncs_mapping_not_prepared|related_jobs_with_evidence_not_prepared|summary_missing|career_tags_empty
b96d100a-d045-4c08-861f-99de85227df9,1837,설비보전기사,T,162,16,False,False,True,True,3,6,,False,ncs_mapping_not_prepared|related_jobs_with_evidence_not_prepared|summary_missing|career_tags_empty
e85a8911-a5b3-4229-8be0-03a77320c2d7,1875,인간공학기사,T,251,25,False,False,True,True,3,6,,False,ncs_mapping_not_prepared|related_jobs_with_evidence_not_prepared|summary_missing|career_tags_empty
45e6c61c-77fb-4df5-ab19-eac9e1191e4f,1900,소방설비기사(기계분야),T,251,25,False,False,True,True,3,6,,False,ncs_mapping_not_prepared|related_jobs_with_evidence_not_prepared|summary_missing|career_tags_empty
7b7c9d31-1bba-4e2d-8a72-b4f9756baff2,1910,소방설비기사(전기분야),T,251,25,False,False,True,True,3,6,,False,ncs_mapping_not_prepared|related_jobs_with_evidence_not_prepared|summary_missing|career_tags_empty
2b70b598-6863-42dc-9f77-340660f8962b,1938,자연생태복원기사,T,261,26,False,False,True,True,3,6,,False,ncs_mapping_not_prepared|related_jobs_with_evidence_not_prepared|summary_missing|career_tags_empty
8892f2fd-6ceb-4ca8-a8ae-181315cd3012,1948,토양환경기사,T,261,26,False,False,True,True,3,6,,False,ncs_mapping_not_prepared|related_jobs_with_evidence_not_prepared|summary_missing|career_tags_empty
91e0326d-02ca-47ae-aee5-83d42137b83c,1950,폐기물처리기사,T,261,26,False,False,True,True,3,6,,False,ncs_mapping_not_prepared|related_jobs_with_evidence_not_prepared|summary_missing|career_tags_empty
1d88cef4-0a13-49e4-880b-02398d9291c0,1982,컬러리스트기사,T,082,08,False,False,True,True,3,6,,False,ncs_mapping_not_prepared|related_jobs_with_evidence_not_prepared|summary_missing|career_tags_empty
a9cb3146-f0d6-4b1e-8de5-b8a5a02da919,1988,생물분류기사(식물),T,261,26,False,False,True,True,3,2,,False,ncs_mapping_not_prepared|related_jobs_with_evidence_not_prepared|summary_missing|career_tags_empty
2545f248-ba58-477c-9434-dbcad2e449c7,1989,생물분류기사(동물),T,261,26,False,False,True,True,3,2,,False,ncs_mapping_not_prepared|related_jobs_with_evidence_not_prepared|summary_missing|career_tags_empty
b8661b37-c7f9-4948-8727-6ccdcc37a485,1998,컴퓨터시스템기사,T,211,21,False,False,True,True,1,4,,False,ncs_mapping_not_prepared|related_jobs_with_evidence_not_prepared|summary_missing|career_tags_empty
4a01e736-2e82-4bbf-9edd-048220fae251,2011,기계조립산업기사,T,161,16,False,False,True,True,3,2,,False,ncs_mapping_not_prepared|related_jobs_with_evidence_not_prepared|summary_missing|career_tags_empty
b6576d10-8ee9-4a8d-a992-6bdf636b9e0d,2012,판금제관산업기사,T,172,17,False,False,True,True,3,2,,False,ncs_mapping_not_prepared|related_jobs_with_evidence_not_prepared|summary_missing|career_tags_empty
3e88fe54-0f42-4b6b-90ab-9ff3ab7e5954,2025,컴퓨터응용가공산업기사,T,161,16,False,False,True,True,3,6,,False,ncs_mapping_not_prepared|related_jobs_with_evidence_not_prepared|summary_missing|career_tags_empty
a570aa96-8657-46e7-ba59-ce935cb73c0d,2026,용접산업기사,T,174,17,False,False,True,True,3,6,,False,ncs_mapping_not_prepared|related_jobs_with_evidence_not_prepared|summary_missing|career_tags_empty
f76736fa-4136-4a6f-84ce-8425d847c95a,2027,농업기계산업기사,T,162,16,False,False,True,True,3,4,,False,ncs_mapping_not_prepared|related_jobs_with_evidence_not_prepared|summary_missing|career_tags_empty
15c93d6d-449f-49cc-8980-44d67bebec07,2028,사출금형산업기사,T,167,16,False,False,True,True,3,2,,False,ncs_mapping_not_prepared|related_jobs_with_evidence_not_prepared|summary_missing|career_tags_empty
67e58ee9-d971-48a5-b3e0-f05a8c7879d8,2029,프레스금형산업기사,T,167,16,False,False,True,True,3,2,,False,ncs_mapping_not_prepared|related_jobs_with_evidence_not_prepared|summary_missing|career_tags_empty
75d28295-4f8f-457d-8a9a-b406f5863932,2030,철도차량산업기사,T,163,16,False,False,True,True,3,2,,False,ncs_mapping_not_prepared|related_jobs_with_evidence_not_prepared|summary_missing|career_tags_empty
612f6685-4828-4dad-88ee-04a22120b2b5,2031,기계설계산업기사,T,161,16,False,False,True,True,3,6,,False,ncs_mapping_not_prepared|related_jobs_with_evidence_not_prepared|summary_missing|career_tags_empty
e6800091-39f7-479f-bb72-43240b353773,2034,자동화설비산업기사,T,162,16,False,False,True,True,3,6,,False,ncs_mapping_not_prepared|related_jobs_with_evidence_not_prepared|summary_missing|career_tags_empty
dcf00e94-5bfd-43b1-b213-04818d152b05,2035,설비보전산업기사,T,162,16,False,False,True,True,3,6,,False,ncs_mapping_not_prepared|related_jobs_with_evidence_not_prepared|summary_missing|career_tags_empty
a60a37f3-8ab6-4157-a73a-cf9e545403eb,2036,전기철도산업기사,T,201,20,False,False,True,True,3,2,,False,ncs_mapping_not_prepared|related_jobs_with_evidence_not_prepared|summary_missing|career_tags_empty
c373b8b6-80bc-4809-ad6e-e3061b66e1c1,2040,건설기계설비산업기사,T,162,16,False,False,True,True,3,2,,False,ncs_mapping_not_prepared|related_jobs_with_evidence_not_prepared|summary_missing|career_tags_empty
5242c4ac-7633-4b5e-83a0-369bc9f1f0bd,2041,배관산업기사,T,145,14,False,False,True,True,3,2,,False,ncs_mapping_not_prepared|related_jobs_with_evidence_not_prepared|summary_missing|career_tags_empty
8b8a61d2-6175-4dc3-b221-e78afe06e5a1,2042,철도동력차기관정비산업기사,T,163,16,False,False,True,False,0,0,,False,ncs_mapping_not_prepared|related_jobs_with_evidence_not_prepared|summary_missing|career_tags_empty
f50d4d00-dd66-4d27-9293-86218311ebaf,2043,철도동력차전기정비산업기사,T,163,16,False,False,True,False,0,0,,False,ncs_mapping_not_prepared|related_jobs_with_evidence_not_prepared|summary_missing|career_tags_empty
9d8c951f-fbe2-4b70-8ccc-6df893f3de77,2044,객화차정비산업기사,T,163,16,False,False,True,False,0,0,,False,ncs_mapping_not_prepared|related_jobs_with_evidence_not_prepared|summary_missing|career_tags_empty
df43455d-d38b-4a92-8811-47582042d8d2,2045,철도운송산업기사,T,091,09,False,False,True,True,3,4,,False,ncs_mapping_not_prepared|related_jobs_with_evidence_not_prepared|summary_missing|career_tags_empty
4041615d-027b-48fb-ab02-6f2f41f57110,2048,콘크리트산업기사,T,142,14,False,False,True,True,3,4,,False,ncs_mapping_not_prepared|related_jobs_with_evidence_not_prepared|summary_missing|career_tags_empty
ccc51d58-6246-4aca-9671-3f1ef5f302eb,2050,건설기계정비산업기사,T,162,16,False,False,True,True,3,4,,False,ncs_mapping_not_prepared|related_jobs_with_evidence_not_prepared|summary_missing|career_tags_empty
8d2d9f5f-b13b-4f68-9cbd-2b11a5ca711b,2051,궤도장비정비산업기사,T,162,16,False,False,True,True,3,2,,False,ncs_mapping_not_prepared|related_jobs_with_evidence_not_prepared|summary_missing|career_tags_empty
0196ca6b-b418-463c-bc68-79fdf5e8f48e,2060,메카트로닉스산업기사,T,162,16,False,False,True,False,0,0,,False,ncs_mapping_not_prepared|related_jobs_with_evidence_not_prepared|summary_missing|career_tags_empty
de4a0c9e-dac5-4f6b-9b30-213b2e17f323,2070,자동차정비산업기사,T,166,16,False,False,True,True,3,6,,False,ncs_mapping_not_prepared|related_jobs_with_evidence_not_prepared|summary_missing|career_tags_empty
cbf09d0f-1e55-4554-817d-aacebd380a4b,2085,패션머천다이징산업기사,T,192,19,False,False,True,True,3,2,,False,ncs_mapping_not_prepared|related_jobs_with_evidence_not_prepared|summary_missing|career_tags_empty
3591aafe-d9b8-4923-8490-e7e81dbf5e1a,2101,금속재료산업기사,T,171,17,False,False,True,True,3,6,,False,ncs_mapping_not_prepared|related_jobs_with_evidence_not_prepared|summary_missing|career_tags_empty
e1f95fd7-6b5a-494a-a970-8a0f9dfbe285,2104,정밀측정산업기사,T,161,16,False,False,True,True,3,4,,False,ncs_mapping_not_prepared|related_jobs_with_evidence_not_prepared|summary_missing|career_tags_empty
a5a27f6a-32b5-4a0e-a125-1ea801ce09b3,2105,주조산업기사,T,173,17,False,False,True,True,3,2,,False,ncs_mapping_not_prepared|related_jobs_with_evidence_not_prepared|summary_missing|career_tags_empty
8689cccf-aba2-4eb3-89a0-1567d5e4f8ca,2106,표면처리산업기사,T,175,17,False,False,True,True,3,2,,False,ncs_mapping_not_prepared|related_jobs_with_evidence_not_prepared|summary_missing|career_tags_empty
d1a703fc-d6d9-463b-aa1b-b2548ffa5bd5,2108,광학기기산업기사,T,202,20,False,False,True,True,3,2,,False,ncs_mapping_not_prepared|related_jobs_with_evidence_not_prepared|summary_missing|career_tags_empty
bd614903-56d7-46d9-aabc-02145b571767,2114,신재생에너지발전설비산업기사(태양광),T,262,26,False,False,True,True,3,6,,False,ncs_mapping_not_prepared|related_jobs_with_evidence_not_prepared|summary_missing|career_tags_empty
6222f07b-e698-4ab2-9424-91426d9870e7,2120,화약류제조산업기사,T,181,18,False,False,True,True,3,2,,False,ncs_mapping_not_prepared|related_jobs_with_evidence_not_prepared|summary_missing|career_tags_empty
87984ab5-fa12-48ac-9d08-e8b04a1f53c3,2121,위험물산업기사,T,182,18,False,False,True,True,3,6,,False,ncs_mapping_not_prepared|related_jobs_with_evidence_not_prepared|summary_missing|career_tags_empty
f25fced4-6abc-4dc9-9dca-e5c572bb1181,2130,화약류관리산업기사,T,151,15,False,False,True,True,3,2,,False,ncs_mapping_not_prepared|related_jobs_with_evidence_not_prepared|summary_missing|career_tags_empty
15c4e260-6e04-4126-ba82-53b4cd6daa0b,2140,전기산업기사,T,201,20,False,False,True,True,3,6,,False,ncs_mapping_not_prepared|related_jobs_with_evidence_not_prepared|summary_missing|career_tags_empty
6e96e7b4-6060-4e4e-9b85-37fa6bd21361,2142,가구제작산업기사,T,232,23,False,False,True,True,3,2,,False,ncs_mapping_not_prepared|related_jobs_with_evidence_not_prepared|summary_missing|career_tags_empty
455ac1e7-203a-4ad1-abfd-056579f215f9,2150,전기공사산업기사,T,201,20,False,False,True,True,3,6,,False,ncs_mapping_not_prepared|related_jobs_with_evidence_not_prepared|summary_missing|career_tags_empty
724798de-f158-460a-aead-12b95a644498,2151,전기기기산업기사,T,201,20,False,False,True,False,0,0,,False,ncs_mapping_not_prepared|related_jobs_with_evidence_not_prepared|summary_missing|career_tags_empty
b77100f5-d269-4dcb-82ab-da10f97ee4b9,2160,철도신호산업기사,T,201,20,False,False,True,True,3,2,,False,ncs_mapping_not_prepared|related_jobs_with_evidence_not_prepared|summary_missing|career_tags_empty
1aa1f2c2-acb0-4425-9818-b99605a9731a,2170,전자산업기사,T,202,20,False,False,True,True,3,6,,False,ncs_mapping_not_prepared|related_jobs_with_evidence_not_prepared|summary_missing|career_tags_empty
f8344879-d271-4ac3-9ddc-831b10aa58cf,2172,전자회로설계산업기사,T,202,20,False,False,True,False,0,0,,False,ncs_mapping_not_prepared|related_jobs_with_evidence_not_prepared|summary_missing|career_tags_empty
c6b8fe36-cf35-403e-bee0-d0ef644da3c2,2175,반도체커스텀레이아웃산업기사,T,202,20,False,False,True,True,3,2,,False,ncs_mapping_not_prepared|related_jobs_with_evidence_not_prepared|summary_missing|career_tags_empty
a702eb93-c720-4e80-a8b7-34fee7d728f5,2176,의공산업기사,T,202,20,False,False,True,True,3,2,,False,ncs_mapping_not_prepared|related_jobs_with_evidence_not_prepared|summary_missing|career_tags_empty
eecdab81-98f2-4d48-95c1-ea4219402556,2177,3D프린터개발산업기사,T,202,20,False,False,True,True,3,2,,False,ncs_mapping_not_prepared|related_jobs_with_evidence_not_prepared|summary_missing|career_tags_empty
957ef3b1-d00a-41f4-9cd0-ed05dc430e64,2193,사무자동화산업기사,T,211,21,False,False,True,True,3,6,,False,ncs_mapping_not_prepared|related_jobs_with_evidence_not_prepared|summary_missing|career_tags_empty
51b7172f-896e-4c24-8084-42c13296722b,2220,조선산업기사,T,164,16,False,False,True,True,3,2,,False,ncs_mapping_not_prepared|related_jobs_with_evidence_not_prepared|summary_missing|career_tags_empty
6e5204a2-e1c0-4ce0-bf97-fd8b2ad878d1,2230,항공산업기사,T,165,16,False,False,True,True,3,6,,False,ncs_mapping_not_prepared|related_jobs_with_evidence_not_prepared|summary_missing|career_tags_empty
d711f82f-d1a8-497a-ba24-664f4cee2e25,2240,토목산업기사,T,142,14,False,False,True,True,3,6,,False,ncs_mapping_not_prepared|related_jobs_with_evidence_not_prepared|summary_missing|career_tags_empty
f70b995a-9b97-48dc-8cb9-25c44865048d,2251,건축일반시공산업기사,T,141,14,False,False,True,True,3,2,,False,ncs_mapping_not_prepared|related_jobs_with_evidence_not_prepared|summary_missing|career_tags_empty
d0d2d3d2-e71a-476b-a97a-21a18ae30ca8,2253,건축목공산업기사,T,141,14,False,False,True,True,3,2,,False,ncs_mapping_not_prepared|related_jobs_with_evidence_not_prepared|summary_missing|career_tags_empty
2d0baed1-161c-4b0e-aa26-c8484584d7fb,2264,섬유디자인산업기사,T,191,19,False,False,True,True,3,2,,False,ncs_mapping_not_prepared|related_jobs_with_evidence_not_prepared|summary_missing|career_tags_empty
c70393e6-0627-46e4-917d-306ac1399514,2268,한복산업기사,T,192,19,False,False,True,False,0,0,,False,ncs_mapping_not_prepared|related_jobs_with_evidence_not_prepared|summary_missing|career_tags_empty
44a4ade1-1556-49ea-87a2-74c671da4ea5,2277,섬유산업기사,T,191,19,False,False,True,True,3,2,,False,ncs_mapping_not_prepared|related_jobs_with_evidence_not_prepared|summary_missing|career_tags_empty
e6ea77ba-4754-4c77-8b2f-b8d2119765ae,2282,실내건축산업기사,T,141,14,False,False,True,True,3,6,,False,ncs_mapping_not_prepared|related_jobs_with_evidence_not_prepared|summary_missing|career_tags_empty
2b635f4b-55ff-4107-8d8a-96f8b2ef01e7,2290,정보처리산업기사,T,211,21,False,False,True,True,3,6,,False,ncs_mapping_not_prepared|related_jobs_with_evidence_not_prepared|summary_missing|career_tags_empty
dd2a715e-a749-4302-be20-4c6f810cebf0,2301,패션디자인산업기사,T,192,19,False,False,True,True,3,2,,False,ncs_mapping_not_prepared|related_jobs_with_evidence_not_prepared|summary_missing|career_tags_empty
fc40b3ff-43bb-4c9f-82cc-62f6034f4d24,2302,신발산업기사,T,192,19,False,False,True,True,3,2,,False,ncs_mapping_not_prepared|related_jobs_with_evidence_not_prepared|summary_missing|career_tags_empty
d2a47986-0e1b-476f-a81e-8f1132f90dd9,2320,조경산업기사,T,143,14,False,False,True,True,3,6,,False,ncs_mapping_not_prepared|related_jobs_with_evidence_not_prepared|summary_missing|career_tags_empty
86dc475a-1200-4386-b4b7-a8b98c715fc6,2330,측량및지형공간정보산업기사,T,142,14,False,False,True,True,3,6,,False,ncs_mapping_not_prepared|related_jobs_with_evidence_not_prepared|summary_missing|career_tags_empty
39fd7915-a1d0-4d34-bd56-033410261322,2331,공간정보융합산업기사,T,142,14,False,False,True,True,3,2,,False,ncs_mapping_not_prepared|related_jobs_with_evidence_not_prepared|summary_missing|career_tags_empty
75c35167-0798-4d59-9dab-542c4d702f79,2340,지적산업기사,T,142,14,False,False,True,True,3,6,,False,ncs_mapping_not_prepared|related_jobs_with_evidence_not_prepared|summary_missing|career_tags_empty
cac5b52e-5d83-4f50-89c6-c9802c502621,2350,해양조사산업기사,T,142,14,False,False,True,True,3,2,,False,ncs_mapping_not_prepared|related_jobs_with_evidence_not_prepared|summary_missing|career_tags_empty
b0a8510c-e907-40f7-aa04-b1048fc8b1a2,2351,항로표지산업기사,T,142,14,False,False,True,True,3,2,,False,ncs_mapping_not_prepared|related_jobs_with_evidence_not_prepared|summary_missing|career_tags_empty
f8cce9b4-a1df-48f6-92c8-8dc53d577a36,2381,산업안전산업기사,T,251,25,False,False,True,True,3,6,,False,ncs_mapping_not_prepared|related_jobs_with_evidence_not_prepared|summary_missing|career_tags_empty
07aa0d12-fe71-409f-865f-4a01bab596af,2390,건설안전산업기사,T,251,25,False,False,True,True,3,6,,False,ncs_mapping_not_prepared|related_jobs_with_evidence_not_prepared|summary_missing|career_tags_empty
be086b5f-63f0-44df-bb6e-a69195b7192c,2391,디지털인쇄산업기사,T,231,23,False,False,True,True,3,2,,False,ncs_mapping_not_prepared|related_jobs_with_evidence_not_prepared|summary_missing|career_tags_empty
5bc3a67f-95df-4ebc-b78a-4dad6831d720,2395,승강기산업기사,T,162,16,False,False,True,True,3,6,,False,ncs_mapping_not_prepared|related_jobs_with_evidence_not_prepared|summary_missing|career_tags_empty
5f40a9fa-1b0d-468d-99a4-464151e11faa,2420,품질경영산업기사,T,024,02,False,False,True,True,3,6,,False,ncs_mapping_not_prepared|related_jobs_with_evidence_not_prepared|summary_missing|career_tags_empty
53f3c769-9c20-41d4-ac65-97502a211b93,2431,포장산업기사,T,024,02,False,False,True,True,3,2,,False,ncs_mapping_not_prepared|related_jobs_with_evidence_not_prepared|summary_missing|career_tags_empty
60772ed4-c616-47e1-a9de-67396462d807,2432,제품디자인산업기사,T,082,08,False,False,True,True,3,2,,False,ncs_mapping_not_prepared|related_jobs_with_evidence_not_prepared|summary_missing|career_tags_empty
7cd43621-ad1b-4282-9354-a8364044b600,2434,시각디자인산업기사,T,082,08,False,False,True,True,3,6,,False,ncs_mapping_not_prepared|related_jobs_with_evidence_not_prepared|summary_missing|career_tags_empty
b15b25e9-c007-4506-8a23-acfc00e854de,2441,화재감식평가산업기사,T,251,25,False,False,True,True,3,6,,False,ncs_mapping_not_prepared|related_jobs_with_evidence_not_prepared|summary_missing|career_tags_empty
3ad1875b-6878-458f-a186-278331cd7eff,2450,식품산업기사,T,221,22,False,False,True,True,3,6,,False,ncs_mapping_not_prepared|related_jobs_with_evidence_not_prepared|summary_missing|career_tags_empty
5127c4b3-9c2e-4d25-bf05-a124f80cab20,2470,종자산업기사,T,241,24,False,False,True,True,3,4,,False,ncs_mapping_not_prepared|related_jobs_with_evidence_not_prepared|summary_missing|career_tags_empty
acf26919-3150-4f7e-a312-48539089eea5,2471,가스산업기사,T,251,25,False,False,True,True,3,6,,False,ncs_mapping_not_prepared|related_jobs_with_evidence_not_prepared|summary_missing|career_tags_empty
f16c6b9d-a435-4a6b-a3f7-4c129554f675,2472,산업위생관리산업기사,T,251,25,False,False,True,True,3,6,,False,ncs_mapping_not_prepared|related_jobs_with_evidence_not_prepared|summary_missing|career_tags_empty
d9bb0dc0-b8b2-44fd-9e24-548d489437f6,2481,산림산업기사,T,243,24,False,False,True,True,3,6,,False,ncs_mapping_not_prepared|related_jobs_with_evidence_not_prepared|summary_missing|career_tags_empty
5298c333-f31a-48f4-96cb-e66271f5e206,2491,축산산업기사,T,242,24,False,False,True,True,3,4,,False,ncs_mapping_not_prepared|related_jobs_with_evidence_not_prepared|summary_missing|career_tags_empty
a55cede5-9076-4a09-89d1-792683654fcb,2520,수산양식산업기사,T,244,24,False,False,True,True,3,2,,False,ncs_mapping_not_prepared|related_jobs_with_evidence_not_prepared|summary_missing|career_tags_empty
b9a985c3-7391-48d0-90ed-e56d098b30e4,2521,잠수산업기사,T,142,14,False,False,True,True,3,2,,False,ncs_mapping_not_prepared|related_jobs_with_evidence_not_prepared|summary_missing|career_tags_empty
0c64d605-de9f-4d3d-81a3-684d400e7c61,2530,건축산업기사,T,141,14,False,False,True,True,3,6,,False,ncs_mapping_not_prepared|related_jobs_with_evidence_not_prepared|summary_missing|career_tags_empty
6d5b004f-88e9-44d8-a792-fa34d4b57f79,2531,건축설비산업기사,T,141,14,False,False,True,True,3,6,,False,ncs_mapping_not_prepared|related_jobs_with_evidence_not_prepared|summary_missing|career_tags_empty
54e661e1-6a49-427b-a0dd-9140e3080558,2551,피아노조율산업기사,T,232,23,False,False,True,True,3,2,,False,ncs_mapping_not_prepared|related_jobs_with_evidence_not_prepared|summary_missing|career_tags_empty
3e305950-2943-41d6-81e2-363558f86a4e,2562,식물보호산업기사,T,243,24,False,False,True,True,3,6,,False,ncs_mapping_not_prepared|related_jobs_with_evidence_not_prepared|summary_missing|career_tags_empty
1d73339c-0731-4d8e-a1cf-4d74c1c3e882,2570,바이오화학제품제조산업기사,T,181,18,False,False,True,True,3,2,,False,ncs_mapping_not_prepared|related_jobs_with_evidence_not_prepared|summary_missing|career_tags_empty
fa3181c0-1464-46d2-91be-b8a393f61992,2571,대기환경산업기사,T,261,26,False,False,True,True,3,6,,False,ncs_mapping_not_prepared|related_jobs_with_evidence_not_prepared|summary_missing|career_tags_empty
41f71661-a61b-4503-9b4e-e464364e4357,2572,수질환경산업기사,T,261,26,False,False,True,True,3,6,,False,ncs_mapping_not_prepared|related_jobs_with_evidence_not_prepared|summary_missing|career_tags_empty
c278781b-67d0-4da3-80d1-b88f15cebf3e,2573,소음진동산업기사,T,261,26,False,False,True,True,3,2,,False,ncs_mapping_not_prepared|related_jobs_with_evidence_not_prepared|summary_missing|career_tags_empty
f24327ad-166b-471d-a873-736f6bf917df,2582,농림토양평가관리산업기사,T,261,26,False,False,True,False,0,0,,False,ncs_mapping_not_prepared|related_jobs_with_evidence_not_prepared|summary_missing|career_tags_empty
0013de94-121c-4acf-a02b-1ceeab229e7e,2590,공조냉동기계산업기사,T,162,16,False,False,True,True,3,6,,False,ncs_mapping_not_prepared|related_jobs_with_evidence_not_prepared|summary_missing|career_tags_empty
0201686e-d694-4dd2-a981-b3517f2c6248,2592,유기농업산업기사,T,241,24,False,False,True,True,3,2,,False,ncs_mapping_not_prepared|related_jobs_with_evidence_not_prepared|summary_missing|career_tags_empty
b2905a00-fe8a-4332-aa6b-3db22a1f8190,2600,건설재료시험산업기사,T,142,14,False,False,True,True,3,4,,False,ncs_mapping_not_prepared|related_jobs_with_evidence_not_prepared|summary_missing|career_tags_empty
3f93a823-cd0b-4e67-96ed-db22b87a586c,2611,방사선비파괴검사산업기사,T,252,25,False,False,True,True,3,2,,False,ncs_mapping_not_prepared|related_jobs_with_evidence_not_prepared|summary_missing|career_tags_empty
53e98eaf-c878-4891-b8de-aed14e64d690,2612,초음파비파괴검사산업기사,T,252,25,False,False,True,True,3,2,,False,ncs_mapping_not_prepared|related_jobs_with_evidence_not_prepared|summary_missing|career_tags_empty
c18a6adb-cf8f-4d37-8452-89760fa1a31b,2613,자기비파괴검사산업기사,T,252,25,False,False,True,True,3,2,,False,ncs_mapping_not_prepared|related_jobs_with_evidence_not_prepared|summary_missing|career_tags_empty
a9a76824-b586-4e92-80c0-95f26372c500,2614,침투비파괴검사산업기사,T,252,25,False,False,True,True,3,6,,False,ncs_mapping_not_prepared|related_jobs_with_evidence_not_prepared|summary_missing|career_tags_empty
32b44a39-42ed-443c-83de-a2ffc80783cd,2625,화훼장식산업기사,T,241,24,False,False,True,True,3,2,,False,ncs_mapping_not_prepared|related_jobs_with_evidence_not_prepared|summary_missing|career_tags_empty
6667dd2f-4490-495c-9789-9429a613a716,2630,방수산업기사,T,141,14,False,False,True,True,3,2,,False,ncs_mapping_not_prepared|related_jobs_with_evidence_not_prepared|summary_missing|career_tags_empty
aed1ea62-16c6-468c-baa2-5e69fbb43131,2631,어로산업기사,T,244,24,False,False,True,True,3,2,,False,ncs_mapping_not_prepared|related_jobs_with_evidence_not_prepared|summary_missing|career_tags_empty
f38e1705-b062-4ecc-bb94-79fc434ce90a,2751,교통산업기사,T,144,14,False,False,True,True,3,2,,False,ncs_mapping_not_prepared|related_jobs_with_evidence_not_prepared|summary_missing|career_tags_empty
3c021a76-2fe6-498e-b00f-c03c3314b0e0,2760,귀금속가공산업기사,T,232,23,False,False,True,True,3,2,,False,ncs_mapping_not_prepared|related_jobs_with_evidence_not_prepared|summary_missing|career_tags_empty
f553f921-81bb-4bb7-ba64-743ea6af5fa6,2880,보석디자인산업기사,T,232,23,False,False,True,True,3,2,,False,ncs_mapping_not_prepared|related_jobs_with_evidence_not_prepared|summary_missing|career_tags_empty
12e81488-73bd-4d69-8e0c-371286cc28cc,2900,소방설비산업기사(기계분야),T,251,25,False,False,True,True,3,6,,False,ncs_mapping_not_prepared|related_jobs_with_evidence_not_prepared|summary_missing|career_tags_empty
e504b861-6cc9-4c37-95ae-1c9bfd15009d,2910,소방설비산업기사(전기분야),T,251,25,False,False,True,True,3,6,,False,ncs_mapping_not_prepared|related_jobs_with_evidence_not_prepared|summary_missing|career_tags_empty
f56d2f73-22e5-4b95-ad53-0ac0b0c63726,2938,자연생태복원산업기사,T,261,26,False,False,True,True,3,2,,False,ncs_mapping_not_prepared|related_jobs_with_evidence_not_prepared|summary_missing|career_tags_empty
d41d6fd8-bf8e-417b-9aeb-d666cf342fbd,2950,폐기물처리산업기사,T,261,26,False,False,True,True,3,6,,False,ncs_mapping_not_prepared|related_jobs_with_evidence_not_prepared|summary_missing|career_tags_empty
181c9e2e-4227-4101-a06b-93b5fefb7cbd,2960,에너지관리산업기사,T,262,26,False,False,True,True,3,6,,False,ncs_mapping_not_prepared|related_jobs_with_evidence_not_prepared|summary_missing|career_tags_empty
71a0b516-d7f4-4e7e-a32e-bcb9b0498b62,2971,한식조리산업기사,T,131,13,False,False,True,True,3,4,,False,ncs_mapping_not_prepared|related_jobs_with_evidence_not_prepared|summary_missing|career_tags_empty
fa9773cb-2cb8-4e75-b3bd-3c42bd11ef96,2972,양식조리산업기사,T,131,13,False,False,True,True,3,2,,False,ncs_mapping_not_prepared|related_jobs_with_evidence_not_prepared|summary_missing|career_tags_empty
1f846d96-d239-436d-bfc1-242827853d05,2973,일식조리산업기사,T,131,13,False,False,True,True,3,2,,False,ncs_mapping_not_prepared|related_jobs_with_evidence_not_prepared|summary_missing|career_tags_empty
37905d81-edd3-4d41-8079-058cd35c65de,2974,중식조리산업기사,T,131,13,False,False,True,True,3,2,,False,ncs_mapping_not_prepared|related_jobs_with_evidence_not_prepared|summary_missing|career_tags_empty
a4c0a625-4037-4fea-9e79-86226b02098a,2975,복어조리산업기사,T,131,13,False,False,True,True,3,2,,False,ncs_mapping_not_prepared|related_jobs_with_evidence_not_prepared|summary_missing|career_tags_empty
f9674c7d-f247-4bd1-8b4d-947cdbabf334,2980,보석감정산업기사,T,232,23,False,False,True,True,3,2,,False,ncs_mapping_not_prepared|related_jobs_with_evidence_not_prepared|summary_missing|career_tags_empty
276a9c49-d270-4977-8f1f-60e87ff9d915,2982,컬러리스트산업기사,T,082,08,False,False,True,True,3,6,,False,ncs_mapping_not_prepared|related_jobs_with_evidence_not_prepared|summary_missing|career_tags_empty
584d6339-cdb5-42b4-8029-de2b313157d3,3021,기계가공기능장,T,161,16,False,False,True,True,3,4,,False,ncs_mapping_not_prepared|related_jobs_with_evidence_not_prepared|summary_missing|career_tags_empty
f0ff5de4-edf0-4bd5-84d1-ef4a63acadb0,3061,금형기능장,T,167,16,False,False,True,True,3,2,,False,ncs_mapping_not_prepared|related_jobs_with_evidence_not_prepared|summary_missing|career_tags_empty
37818b7c-c162-4a72-9602-26c6aea0e1b0,3081,배관기능장,T,145,14,False,False,True,True,3,4,,False,ncs_mapping_not_prepared|related_jobs_with_evidence_not_prepared|summary_missing|career_tags_empty
b6480701-7752-4c2f-aa60-f8acc4bb7ec2,3095,판금제관기능장,T,172,17,False,False,True,True,3,2,,False,ncs_mapping_not_prepared|related_jobs_with_evidence_not_prepared|summary_missing|career_tags_empty
d741e432-a90d-4661-8457-c2bc9f620c00,3100,용접기능장,T,174,17,False,False,True,True,3,4,,False,ncs_mapping_not_prepared|related_jobs_with_evidence_not_prepared|summary_missing|career_tags_empty
8b80ccb5-5da2-4751-844f-286c8fe7a91d,3110,자동차정비기능장,T,166,16,False,False,True,True,3,4,,False,ncs_mapping_not_prepared|related_jobs_with_evidence_not_prepared|summary_missing|career_tags_empty
bbe6d447-a848-4468-88aa-425e9cd90d6d,3120,건설기계정비기능장,T,162,16,False,False,True,True,3,4,,False,ncs_mapping_not_prepared|related_jobs_with_evidence_not_prepared|summary_missing|career_tags_empty
50c9f447-dc02-4e1e-978b-c9bf77555369,3150,철도차량정비기능장,T,163,16,False,False,True,True,3,4,,False,ncs_mapping_not_prepared|related_jobs_with_evidence_not_prepared|summary_missing|career_tags_empty
59cee248-1aeb-4492-901d-126f21167739,3170,에너지관리기능장,T,262,26,False,False,True,True,3,4,,False,ncs_mapping_not_prepared|related_jobs_with_evidence_not_prepared|summary_missing|career_tags_empty
5680ba28-2b8a-47e6-98df-f912d6132d9a,3200,주조기능장,T,173,17,False,False,True,True,3,4,,False,ncs_mapping_not_prepared|related_jobs_with_evidence_not_prepared|summary_missing|career_tags_empty
8455e314-f81d-43ee-a90a-dfb72afe2262,3210,표면처리기능장,T,175,17,False,False,True,True,3,2,,False,ncs_mapping_not_prepared|related_jobs_with_evidence_not_prepared|summary_missing|career_tags_empty
168459e2-8f59-40a1-8fa9-3c39b4ede892,3221,금속재료기능장,T,171,17,False,False,True,True,3,4,,False,ncs_mapping_not_prepared|related_jobs_with_evidence_not_prepared|summary_missing|career_tags_empty
8a826f16-48bd-4836-b4df-7d13b207bd23,3230,제선기능장,T,171,17,False,False,True,True,3,4,,False,ncs_mapping_not_prepared|related_jobs_with_evidence_not_prepared|summary_missing|career_tags_empty
41860849-176e-4560-aa30-b2fa3b7c6947,3240,제강기능장,T,171,17,False,False,True,True,3,4,,False,ncs_mapping_not_prepared|related_jobs_with_evidence_not_prepared|summary_missing|career_tags_empty
a6a0f6f7-56be-4826-bb36-a9b3f34165c7,3270,압연기능장,T,171,17,False,False,True,True,3,4,,False,ncs_mapping_not_prepared|related_jobs_with_evidence_not_prepared|summary_missing|career_tags_empty
1595f8d8-0331-4835-bda4-5daec63b8e2a,3360,위험물기능장,T,182,18,False,False,True,True,3,4,,False,ncs_mapping_not_prepared|related_jobs_with_evidence_not_prepared|summary_missing|career_tags_empty
82621aa9-0f25-4778-8fa5-fa235faaea2c,3375,가스기능장,T,251,25,False,False,True,True,3,4,,False,ncs_mapping_not_prepared|related_jobs_with_evidence_not_prepared|summary_missing|career_tags_empty
47ed508e-4e05-4e5f-8b2c-5658ea226769,3380,전기기능장,T,201,20,False,False,True,True,3,4,,False,ncs_mapping_not_prepared|related_jobs_with_evidence_not_prepared|summary_missing|career_tags_empty
5a573317-2ba6-46d0-9c99-ac9a3fefb8db,3410,전자기능장,T,202,20,False,False,True,True,3,4,,False,ncs_mapping_not_prepared|related_jobs_with_evidence_not_prepared|summary_missing|career_tags_empty
02182d91-8e63-4c76-8c6c-7245c2bb5d00,3611,건축목재시공기능장,T,141,14,False,False,True,True,3,2,,False,ncs_mapping_not_prepared|related_jobs_with_evidence_not_prepared|summary_missing|career_tags_empty
46afd63c-5e89-416a-b4a6-d83d4984f2d2,3621,건축일반시공기능장,T,141,14,False,False,True,True,3,2,,False,ncs_mapping_not_prepared|related_jobs_with_evidence_not_prepared|summary_missing|career_tags_empty
6eaff900-9035-4f0e-89e5-2ea308c38abc,3643,한복기능장,T,192,19,False,False,True,True,3,2,,False,ncs_mapping_not_prepared|related_jobs_with_evidence_not_prepared|summary_missing|career_tags_empty
19458a13-a20c-40bf-8928-54df327f4598,3770,귀금속가공기능장,T,232,23,False,False,True,True,3,2,,False,ncs_mapping_not_prepared|related_jobs_with_evidence_not_prepared|summary_missing|career_tags_empty
fe0f974a-8460-4d76-b435-b5e100af33b7,3911,잠수기능장,T,142,14,False,False,True,True,3,2,,False,ncs_mapping_not_prepared|related_jobs_with_evidence_not_prepared|summary_missing|career_tags_empty
77f48362-b1e8-4ef5-b48e-0f4ede3b324f,3922,조리기능장,T,131,13,False,False,True,True,3,4,,False,ncs_mapping_not_prepared|related_jobs_with_evidence_not_prepared|summary_missing|career_tags_empty
2419a883-b3a5-464b-b8f9-46701587ab22,3923,제과기능장,T,222,22,False,False,True,True,3,4,,False,ncs_mapping_not_prepared|related_jobs_with_evidence_not_prepared|summary_missing|career_tags_empty
ec044277-cf58-4fd5-8c3e-98ece711c633,3924,미용장,T,121,12,False,False,True,True,3,4,,False,ncs_mapping_not_prepared|related_jobs_with_evidence_not_prepared|summary_missing|career_tags_empty
2cc252f3-f396-47d8-a791-b07fb78651c4,3925,이용장,T,121,12,False,False,True,True,3,4,,False,ncs_mapping_not_prepared|related_jobs_with_evidence_not_prepared|summary_missing|career_tags_empty
1212df5e-a59f-4dcd-a58f-6ca1c405427e,4223,제과산업기사,T,222,22,False,False,True,True,3,2,,False,ncs_mapping_not_prepared|related_jobs_with_evidence_not_prepared|summary_missing|career_tags_empty
0a9249fc-3892-4e79-95a5-439a58c1023f,4224,제빵산업기사,T,222,22,False,False,True,True,3,2,,False,ncs_mapping_not_prepared|related_jobs_with_evidence_not_prepared|summary_missing|career_tags_empty
ec7b778d-bbbf-4a2f-9cc1-858890c6304f,6012,컴퓨터응용선반기능사,T,161,16,False,False,True,True,3,8,,False,ncs_mapping_not_prepared|related_jobs_with_evidence_not_prepared|summary_missing|career_tags_empty
b3e545a4-b173-439d-9d41-9cc347653bdd,6032,컴퓨터응용밀링기능사,T,161,16,False,False,True,False,3,8,,False,ncs_mapping_not_prepared|related_jobs_with_evidence_not_prepared|summary_missing|career_tags_empty
9cc71d9b-cdbf-41aa-b2f9-82adfa9bbc0d,6033,반도체설비보전기능사,T,162,16,False,False,True,True,3,4,,False,ncs_mapping_not_prepared|related_jobs_with_evidence_not_prepared|summary_missing|career_tags_empty
764fcefc-10fe-41ed-a89b-df7d5ffbef19,6042,기계가공조립기능사,T,161,16,False,False,True,True,3,6,,False,ncs_mapping_not_prepared|related_jobs_with_evidence_not_prepared|summary_missing|career_tags_empty
425ee67b-7f7a-4793-bdd4-24f2efbdcd62,6051,궤도장비정비기능사,T,162,16,False,False,True,True,3,2,,False,ncs_mapping_not_prepared|related_jobs_with_evidence_not_prepared|summary_missing|career_tags_empty
1c110069-ed7f-4a65-822a-fc4f794b29a3,6105,금형기능사,T,167,16,False,False,True,True,3,4,,False,ncs_mapping_not_prepared|related_jobs_with_evidence_not_prepared|summary_missing|career_tags_empty
d35984b9-0ce2-4b37-8ce6-5b2cf33f751e,6120,정밀측정기능사,T,161,16,False,False,True,True,3,2,,False,ncs_mapping_not_prepared|related_jobs_with_evidence_not_prepared|summary_missing|career_tags_empty
8d0b46d4-04c7-48d6-aed3-a84a7a1702b9,6151,전산응용기계제도기능사,T,161,16,False,False,True,True,3,8,,False,ncs_mapping_not_prepared|related_jobs_with_evidence_not_prepared|summary_missing|career_tags_empty
db34e788-2e38-473b-b58c-26c383658f11,6175,판금제관기능사,T,172,17,False,False,True,True,3,2,,False,ncs_mapping_not_prepared|related_jobs_with_evidence_not_prepared|summary_missing|career_tags_empty
179cc9cd-9d15-4c73-999b-0583da458c53,6176,의료전자기능사,T,202,20,False,False,True,True,3,2,,False,ncs_mapping_not_prepared|related_jobs_with_evidence_not_prepared|summary_missing|career_tags_empty
23aa2f1e-fe3e-49a2-839c-3830a488b734,6213,배관기능사,T,145,14,False,False,True,True,3,4,,False,ncs_mapping_not_prepared|related_jobs_with_evidence_not_prepared|summary_missing|career_tags_empty
c0a95e9b-e436-454d-9abe-9b1e0acf7e7c,6223,피복아크용접기능사,T,174,17,False,False,True,True,3,8,,False,ncs_mapping_not_prepared|related_jobs_with_evidence_not_prepared|summary_missing|career_tags_empty
c324575c-218f-4273-9c0c-451505b44b02,6224,가스텅스텐아크용접기능사,T,174,17,False,False,True,True,3,8,,False,ncs_mapping_not_prepared|related_jobs_with_evidence_not_prepared|summary_missing|career_tags_empty
5872b747-77b7-48e8-9d8c-5cddec447791,6225,이산화탄소가스아크용접기능사,T,174,17,False,False,True,True,3,8,,False,ncs_mapping_not_prepared|related_jobs_with_evidence_not_prepared|summary_missing|career_tags_empty
29df05c5-369b-4c99-854c-93518320a8a4,6281,자동차정비기능사,T,166,16,False,False,True,True,3,8,,False,ncs_mapping_not_prepared|related_jobs_with_evidence_not_prepared|summary_missing|career_tags_empty
a7c9bfb2-b1fb-4e57-8c2f-5ca07d95ebb0,6285,자동차차체수리기능사,T,166,16,False,False,True,True,3,6,,False,ncs_mapping_not_prepared|related_jobs_with_evidence_not_prepared|summary_missing|career_tags_empty
7efbc572-9054-43c6-9526-783a34ea75a5,6288,항공기정비기능사,T,165,16,False,False,True,True,2,6,,False,ncs_mapping_not_prepared|related_jobs_with_evidence_not_prepared|summary_missing|career_tags_empty
dd658781-0278-48ba-b975-c3010ff32bb3,6289,항공전기·전자정비기능사,T,165,16,False,False,True,True,3,4,,False,ncs_mapping_not_prepared|related_jobs_with_evidence_not_prepared|summary_missing|career_tags_empty
101be718-41db-4ef7-9b28-0e20b9ccacc2,6298,건설기계정비기능사,T,162,16,False,False,True,True,3,6,,False,ncs_mapping_not_prepared|related_jobs_with_evidence_not_prepared|summary_missing|career_tags_empty
5de8c078-b561-4eec-a9c1-537c18598d91,6300,농업기계정비기능사,T,162,16,False,False,True,True,3,6,,False,ncs_mapping_not_prepared|related_jobs_with_evidence_not_prepared|summary_missing|career_tags_empty
19211bb7-f7f6-4169-85e9-319d10ec8fd5,6301,농기계운전기능사,T,091,09,False,False,True,True,3,6,,False,ncs_mapping_not_prepared|related_jobs_with_evidence_not_prepared|summary_missing|career_tags_empty
78a69780-f69d-433f-8b7f-38216bf7cf18,6320,공조냉동기계기능사,T,162,16,False,False,True,True,3,8,,False,ncs_mapping_not_prepared|related_jobs_with_evidence_not_prepared|summary_missing|career_tags_empty
02cf6c78-9e95-42e6-ba48-356f0f9de806,6335,가스기능사,T,251,25,False,False,True,True,3,8,,False,ncs_mapping_not_prepared|related_jobs_with_evidence_not_prepared|summary_missing|career_tags_empty
d6390b77-49e6-4043-9e19-a436ad6a8ab0,6351,항로표지기능사,T,142,14,False,False,True,True,3,2,,False,ncs_mapping_not_prepared|related_jobs_with_evidence_not_prepared|summary_missing|career_tags_empty
f83a0d82-a78d-4585-a6b5-e109f05735a5,6352,철도차량정비기능사,T,163,16,False,False,True,True,3,2,,False,ncs_mapping_not_prepared|related_jobs_with_evidence_not_prepared|summary_missing|career_tags_empty
06b2e171-7e8b-413c-8257-89dcee092c7c,6381,축로기능사,T,171,17,False,False,True,True,3,2,,False,ncs_mapping_not_prepared|related_jobs_with_evidence_not_prepared|summary_missing|career_tags_empty
8d31b4fa-0fb0-40cd-88f0-e9bc466a92ba,6415,자동화설비기능사,T,162,16,False,False,True,True,3,8,,False,ncs_mapping_not_prepared|related_jobs_with_evidence_not_prepared|summary_missing|career_tags_empty
c7903d71-4e0d-4e2e-8d63-a38893995160,6420,열처리기능사,T,171,17,False,False,True,True,3,4,,False,ncs_mapping_not_prepared|related_jobs_with_evidence_not_prepared|summary_missing|career_tags_empty
c70cb247-85d7-4c58-984f-b0e4154a4532,6461,주조기능사,T,173,17,False,False,True,True,3,2,,False,ncs_mapping_not_prepared|related_jobs_with_evidence_not_prepared|summary_missing|career_tags_empty
9d9d012a-f208-4e20-a582-63d284e8481e,6480,표면처리기능사,T,175,17,False,False,True,True,3,2,,False,ncs_mapping_not_prepared|related_jobs_with_evidence_not_prepared|summary_missing|career_tags_empty
9d8c8c4f-70f4-4d18-ac50-864a8e7dea65,6490,금속재료시험기능사,T,171,17,False,False,True,True,3,4,,False,ncs_mapping_not_prepared|related_jobs_with_evidence_not_prepared|summary_missing|career_tags_empty
1e2da69c-613b-44d6-8661-bef81410dee9,6500,제선기능사,T,171,17,False,False,True,True,3,6,,False,ncs_mapping_not_prepared|related_jobs_with_evidence_not_prepared|summary_missing|career_tags_empty
36d0ec58-2ed8-4486-b7e3-025ed6b1d44d,6515,제강기능사,T,171,17,False,False,True,True,3,6,,False,ncs_mapping_not_prepared|related_jobs_with_evidence_not_prepared|summary_missing|career_tags_empty
59c3c1a8-5144-4ded-bb26-6a202e3fe709,6543,압연기능사,T,171,17,False,False,True,True,3,6,,False,ncs_mapping_not_prepared|related_jobs_with_evidence_not_prepared|summary_missing|career_tags_empty
229abc47-88ec-4c8f-b674-e135ceda5484,6560,화학분석기능사,T,181,18,False,False,True,True,3,8,,False,ncs_mapping_not_prepared|related_jobs_with_evidence_not_prepared|summary_missing|career_tags_empty
bc09b430-adc6-4d8a-800b-27508d98a1fc,6592,유기농업기능사,T,241,24,False,False,True,True,3,8,,False,ncs_mapping_not_prepared|related_jobs_with_evidence_not_prepared|summary_missing|career_tags_empty
eef8df0f-b90a-41a9-b99d-1d6c79b95bd0,6697,위험물기능사,T,182,18,False,False,True,True,3,8,,False,ncs_mapping_not_prepared|related_jobs_with_evidence_not_prepared|summary_missing|career_tags_empty
40d46472-5c48-4096-8ebb-0e0edb0f2db5,6772,철도전기신호기능사,T,201,20,False,False,True,True,3,2,,False,ncs_mapping_not_prepared|related_jobs_with_evidence_not_prepared|summary_missing|career_tags_empty
1826e11b-ec8c-49b2-a2c8-ccb95b6d0d8a,6785,전자캐드기능사,T,202,20,False,False,True,True,3,6,,False,ncs_mapping_not_prepared|related_jobs_with_evidence_not_prepared|summary_missing|career_tags_empty
572fb0ec-c216-487c-adf4-8853d94a4089,6790,전자기능사,T,202,20,False,False,True,True,3,6,,False,ncs_mapping_not_prepared|related_jobs_with_evidence_not_prepared|summary_missing|career_tags_empty
a5c001de-fe7e-428b-b9a4-743f3d74dd7b,6791,전자출판기능사,T,231,23,False,False,True,True,3,6,,False,ncs_mapping_not_prepared|related_jobs_with_evidence_not_prepared|summary_missing|career_tags_empty
75194d6e-86e4-41a5-8eb1-625f9c46783e,6792,석공예기능사,T,232,23,False,False,True,True,3,2,,False,ncs_mapping_not_prepared|related_jobs_with_evidence_not_prepared|summary_missing|career_tags_empty
5230d8b0-6643-4078-826b-79cf70d276c3,6793,제품응용모델링기능사,T,082,08,False,False,True,True,3,2,,False,ncs_mapping_not_prepared|related_jobs_with_evidence_not_prepared|summary_missing|career_tags_empty
b4390088-f783-4633-aa50-b2487d08dac3,6801,임베디드기능사,T,202,20,False,False,True,True,3,6,,False,ncs_mapping_not_prepared|related_jobs_with_evidence_not_prepared|summary_missing|career_tags_empty
19cac98e-a6b3-4ed7-b3b2-b229fe0474f1,6835,표면실장장비기능사,T,162,16,False,False,True,True,3,6,,False,ncs_mapping_not_prepared|related_jobs_with_evidence_not_prepared|summary_missing|career_tags_empty
54d66341-7f5a-472f-bf96-795ce5d09427,6836,자동차보수도장기능사,T,166,16,False,False,True,True,3,6,,False,ncs_mapping_not_prepared|related_jobs_with_evidence_not_prepared|summary_missing|career_tags_empty
3c29e8d4-f4e0-4311-b05c-e2a5683ca8ed,6837,설비보전기능사,T,162,16,False,False,True,True,3,8,,False,ncs_mapping_not_prepared|related_jobs_with_evidence_not_prepared|summary_missing|career_tags_empty
bc4c547f-af0c-4694-ad29-16159ec94e77,6892,정보기기운용기능사,T,211,21,False,False,True,True,3,6,,False,ncs_mapping_not_prepared|related_jobs_with_evidence_not_prepared|summary_missing|career_tags_empty
f627b086-7047-4b45-9a0d-00f42a60562a,6903,메카트로닉스기능사,T,162,16,False,False,True,False,0,0,,False,ncs_mapping_not_prepared|related_jobs_with_evidence_not_prepared|summary_missing|career_tags_empty
17f9ae22-342b-46e9-b5ff-41b20cea0098,6910,선체설계기능사,T,164,16,False,False,True,True,3,2,,False,ncs_mapping_not_prepared|related_jobs_with_evidence_not_prepared|summary_missing|career_tags_empty
df84cd2d-9344-482f-80d5-420c879b3af6,6920,선체건조기능사,T,164,16,False,False,True,True,3,2,,False,ncs_mapping_not_prepared|related_jobs_with_evidence_not_prepared|summary_missing|career_tags_empty
93159ac2-9e38-455e-8006-fa53f57e4e6e,6921,프로그래밍기능사,T,211,21,False,False,True,True,3,8,,False,ncs_mapping_not_prepared|related_jobs_with_evidence_not_prepared|summary_missing|career_tags_empty
dcf7b8ab-1614-4d98-b5e9-85ed72e2e7fc,6960,선박기관정비기능사,T,164,16,False,False,True,True,3,2,,False,ncs_mapping_not_prepared|related_jobs_with_evidence_not_prepared|summary_missing|career_tags_empty
6a456f74-511b-4193-ad63-ff7636b74fc6,6980,측량기능사,T,142,14,False,False,True,True,3,6,,False,ncs_mapping_not_prepared|related_jobs_with_evidence_not_prepared|summary_missing|career_tags_empty
9b72bf32-00e2-4c0e-891e-968cddf62ebe,6981,공간정보융합기능사,T,142,14,False,False,True,True,3,2,,False,ncs_mapping_not_prepared|related_jobs_with_evidence_not_prepared|summary_missing|career_tags_empty
efd3074b-b082-4a53-ab4a-b59715ad23d4,6990,석공기능사,T,142,14,False,False,True,True,3,1,,False,ncs_mapping_not_prepared|related_jobs_with_evidence_not_prepared|summary_missing|career_tags_empty
7395531f-a22d-43ed-9edd-e0bd692d6169,7010,철도토목기능사,T,142,14,False,False,True,True,3,2,,False,ncs_mapping_not_prepared|related_jobs_with_evidence_not_prepared|summary_missing|career_tags_empty
a945eb5d-2f9f-40c7-9aae-01e6a3eb0428,7020,콘크리트기능사,T,142,14,False,False,True,True,3,6,,False,ncs_mapping_not_prepared|related_jobs_with_evidence_not_prepared|summary_missing|career_tags_empty
16b239ba-5dc0-41fd-9a32-83826f9a4cc9,7030,방수기능사,T,141,14,False,False,True,True,3,4,,False,ncs_mapping_not_prepared|related_jobs_with_evidence_not_prepared|summary_missing|career_tags_empty
d19e4a31-4ec3-4346-8267-e268b0d054f6,7061,전산응용건축제도기능사,T,141,14,False,False,True,True,3,8,,False,ncs_mapping_not_prepared|related_jobs_with_evidence_not_prepared|summary_missing|career_tags_empty
430f2783-c126-4f7d-bc87-2fb9e0151304,7070,조적기능사,T,141,14,False,False,True,True,3,2,,False,ncs_mapping_not_prepared|related_jobs_with_evidence_not_prepared|summary_missing|career_tags_empty
e13c0905-6c66-4217-a1bf-4b975a85e93f,7072,전산응용토목제도기능사,T,142,14,False,False,True,True,3,6,,False,ncs_mapping_not_prepared|related_jobs_with_evidence_not_prepared|summary_missing|career_tags_empty
96cef571-b97c-4a93-964e-987fa5283bd8,7080,철근기능사,T,141,14,False,False,True,True,3,4,,False,ncs_mapping_not_prepared|related_jobs_with_evidence_not_prepared|summary_missing|career_tags_empty
cb51012a-d432-43a2-8c01-870a75df8547,7101,목재창호기능사,T,141,14,False,False,True,False,0,0,,False,ncs_mapping_not_prepared|related_jobs_with_evidence_not_prepared|summary_missing|career_tags_empty
4e286e56-e63b-4987-9538-7146db436354,7102,금속재창호기능사,T,141,14,False,False,True,True,3,2,,False,ncs_mapping_not_prepared|related_jobs_with_evidence_not_prepared|summary_missing|career_tags_empty
70075ceb-74b2-4843-a21e-ca10b444052a,7103,플라스틱창호기능사,T,141,14,False,False,True,True,3,2,,False,ncs_mapping_not_prepared|related_jobs_with_evidence_not_prepared|summary_missing|career_tags_empty
150a7694-2210-47a9-b49e-886152ce23a3,7110,미장기능사,T,141,14,False,False,True,True,3,1,,False,ncs_mapping_not_prepared|related_jobs_with_evidence_not_prepared|summary_missing|career_tags_empty
7c2de9f8-4973-4b70-be5a-10451bc47788,7114,신재생에너지발전설비기능사(태양광),T,262,26,False,False,True,True,3,6,,False,ncs_mapping_not_prepared|related_jobs_with_evidence_not_prepared|summary_missing|career_tags_empty
bc4f0c2a-1b88-42da-b37e-9aab1ff34c1e,7120,비계기능사,T,141,14,False,False,True,True,3,3,,False,ncs_mapping_not_prepared|related_jobs_with_evidence_not_prepared|summary_missing|career_tags_empty
c4dd6e20-602e-4f0c-b0db-c32fad932477,7130,건축목공기능사,T,141,14,False,False,True,True,3,3,,False,ncs_mapping_not_prepared|related_jobs_with_evidence_not_prepared|summary_missing|career_tags_empty
24414211-012c-4a2f-a6ea-a677dd51570c,7132,건설재료시험기능사,T,142,14,False,False,True,True,3,6,,False,ncs_mapping_not_prepared|related_jobs_with_evidence_not_prepared|summary_missing|career_tags_empty
842f11c0-845d-4157-a213-9a73462d7cdb,7140,가구제작기능사,T,232,23,False,False,True,True,3,4,,False,ncs_mapping_not_prepared|related_jobs_with_evidence_not_prepared|summary_missing|career_tags_empty
2ee4d74c-eeab-44fa-8317-d57955e6a870,7150,건축도장기능사,T,141,14,False,False,True,True,3,4,,False,ncs_mapping_not_prepared|related_jobs_with_evidence_not_prepared|summary_missing|career_tags_empty
891f9495-1235-4543-b550-336178182226,7151,유리시공기능사,T,141,14,False,False,True,True,3,1,,False,ncs_mapping_not_prepared|related_jobs_with_evidence_not_prepared|summary_missing|career_tags_empty
9ecfc98a-e3d4-44ca-b369-0c2b2cc7d66a,7152,실내건축기능사,T,141,14,False,False,True,True,3,8,,False,ncs_mapping_not_prepared|related_jobs_with_evidence_not_prepared|summary_missing|career_tags_empty
b61d014c-c314-4931-94e2-81ffda77da0a,7161,온수온돌기능사,T,141,14,False,False,True,True,3,4,,False,ncs_mapping_not_prepared|related_jobs_with_evidence_not_prepared|summary_missing|career_tags_empty
ee522095-b20c-4c8e-8d32-e78edd8d3b5f,7170,거푸집기능사,T,141,14,False,False,True,True,3,4,,False,ncs_mapping_not_prepared|related_jobs_with_evidence_not_prepared|summary_missing|career_tags_empty
ffb9f981-6e1b-4245-b4e3-7f15cdbb6426,7180,도배기능사,T,141,14,False,False,True,True,3,4,,False,ncs_mapping_not_prepared|related_jobs_with_evidence_not_prepared|summary_missing|career_tags_empty
4b04b9b8-212e-4d4b-b168-2bb2185bb813,7210,타일기능사,T,141,14,False,False,True,True,3,4,,False,ncs_mapping_not_prepared|related_jobs_with_evidence_not_prepared|summary_missing|career_tags_empty
8e8c3623-7bc5-4d34-aeab-48e0ea034428,7301,염색기능사(침염),T,191,19,False,False,True,True,3,2,,False,ncs_mapping_not_prepared|related_jobs_with_evidence_not_prepared|summary_missing|career_tags_empty
fc9ccd2e-b36e-4165-9d70-901d74cbcb03,7302,염색기능사(날염),T,191,19,False,False,True,True,3,2,,False,ncs_mapping_not_prepared|related_jobs_with_evidence_not_prepared|summary_missing|career_tags_empty
373198b0-ff8c-4cc1-8503-4fd74b1731c7,7371,광산차량기계운전기능사,T,151,15,False,False,True,False,0,0,,False,ncs_mapping_not_prepared|related_jobs_with_evidence_not_prepared|summary_missing|career_tags_empty
73cfa971-ca64-4ddd-b340-f4fdc0ca9755,7372,광산환경기능사,T,261,26,False,False,True,False,0,0,,False,ncs_mapping_not_prepared|related_jobs_with_evidence_not_prepared|summary_missing|career_tags_empty
02e7d2b5-adfd-410b-968c-abadce8ef3b7,7385,광산보안기능사(화약분야),T,151,15,False,False,True,False,0,0,,False,ncs_mapping_not_prepared|related_jobs_with_evidence_not_prepared|summary_missing|career_tags_empty
a91ee48c-67c4-4d84-9f80-e5fd9703b1ef,7450,금속도장기능사,T,175,17,False,False,True,True,3,2,,False,ncs_mapping_not_prepared|related_jobs_with_evidence_not_prepared|summary_missing|career_tags_empty
e849a449-5ec1-40f8-81ca-7377650d0f07,7460,귀금속가공기능사,T,232,23,False,False,True,True,3,4,,False,ncs_mapping_not_prepared|related_jobs_with_evidence_not_prepared|summary_missing|career_tags_empty
7f30a609-4760-43e5-97fb-5f40b113339d,7471,방사선비파괴검사기능사,T,252,25,False,False,True,True,3,4,,False,ncs_mapping_not_prepared|related_jobs_with_evidence_not_prepared|summary_missing|career_tags_empty
e31e8876-d237-43b6-94f2-52929af4e98b,7472,초음파비파괴검사기능사,T,252,25,False,False,True,True,3,6,,False,ncs_mapping_not_prepared|related_jobs_with_evidence_not_prepared|summary_missing|career_tags_empty
98eeb800-c524-436d-a290-ec84bda6b30a,7473,자기비파괴검사기능사,T,252,25,False,False,True,True,3,6,,False,ncs_mapping_not_prepared|related_jobs_with_evidence_not_prepared|summary_missing|career_tags_empty
5edd5748-2dfb-48fd-8cb7-0aaf4f3f1209,7474,침투비파괴검사기능사,T,252,25,False,False,True,True,3,6,,False,ncs_mapping_not_prepared|related_jobs_with_evidence_not_prepared|summary_missing|career_tags_empty
4b86afbd-449a-4f91-8428-bb8df18c8b09,7480,목공예기능사,T,232,23,False,False,True,True,3,2,,False,ncs_mapping_not_prepared|related_jobs_with_evidence_not_prepared|summary_missing|career_tags_empty
08a9fd82-5550-4dce-acd0-713f9e294d89,7481,축산기능사,T,242,24,False,False,True,True,3,6,,False,ncs_mapping_not_prepared|related_jobs_with_evidence_not_prepared|summary_missing|career_tags_empty
59e6b01c-b812-4787-94ca-f98ace8979f6,7482,식육처리기능사,T,242,24,False,False,True,True,3,6,,False,ncs_mapping_not_prepared|related_jobs_with_evidence_not_prepared|summary_missing|career_tags_empty
01b7e057-fcff-47f1-8637-5013c37a163f,7483,천공기운전기능사,T,146,14,False,False,True,True,2,6,,False,ncs_mapping_not_prepared|related_jobs_with_evidence_not_prepared|summary_missing|career_tags_empty
56779550-f603-4d4f-9b77-5b7191e49ba7,7524,인쇄기능사,T,231,23,False,False,True,True,3,2,,False,ncs_mapping_not_prepared|related_jobs_with_evidence_not_prepared|summary_missing|career_tags_empty
3a46f259-aae9-4ea7-8c93-cc58e872047f,7591,식품가공기능사,T,221,22,False,False,True,True,3,6,,False,ncs_mapping_not_prepared|related_jobs_with_evidence_not_prepared|summary_missing|career_tags_empty
cd80f7ea-5a17-4f22-b897-b44a9975c29a,7612,잠수기능사,T,142,14,False,False,True,False,3,6,,False,ncs_mapping_not_prepared|related_jobs_with_evidence_not_prepared|summary_missing|career_tags_empty
8ab2e193-5232-41e9-aa67-00c75c76dccd,7620,종자기능사,T,241,24,False,False,True,True,3,6,,False,ncs_mapping_not_prepared|related_jobs_with_evidence_not_prepared|summary_missing|career_tags_empty
63beba36-acf3-4887-89c3-9c115ab881a3,7625,화훼장식기능사,T,241,24,False,False,True,True,3,8,,False,ncs_mapping_not_prepared|related_jobs_with_evidence_not_prepared|summary_missing|career_tags_empty
a564e3ed-fd97-43ab-ac68-da744bbe3971,7630,임업종묘기능사,T,243,24,False,False,True,True,3,2,,False,ncs_mapping_not_prepared|related_jobs_with_evidence_not_prepared|summary_missing|career_tags_empty
ba723ed1-1a87-4fcf-a1fe-05eaa48d9cc1,7631,버섯종균기능사,T,243,24,False,False,True,True,3,6,,False,ncs_mapping_not_prepared|related_jobs_with_evidence_not_prepared|summary_missing|career_tags_empty
94c5a311-b74e-423f-93ef-47859d7257a8,7632,산림기능사,T,243,24,False,False,True,True,3,6,,False,ncs_mapping_not_prepared|related_jobs_with_evidence_not_prepared|summary_missing|career_tags_empty
522f6334-60ab-4da0-9554-cb6ba9751620,7643,목질재료기능사,T,243,24,False,False,True,False,0,0,,False,ncs_mapping_not_prepared|related_jobs_with_evidence_not_prepared|summary_missing|career_tags_empty
52b880d6-3ad9-45f8-9980-d656fa01562b,7645,목재가공기능사,T,243,24,False,False,True,True,2,2,,False,ncs_mapping_not_prepared|related_jobs_with_evidence_not_prepared|summary_missing|career_tags_empty
c3e23d12-141f-42f4-9dc5-cac8fcbc4940,7646,펄프종이제조기능사,T,243,24,False,False,True,True,2,2,,False,ncs_mapping_not_prepared|related_jobs_with_evidence_not_prepared|summary_missing|career_tags_empty
6a5703e4-6770-4941-b2cc-04ce15ac5eb4,7650,지적기능사,T,142,14,False,False,True,True,3,6,,False,ncs_mapping_not_prepared|related_jobs_with_evidence_not_prepared|summary_missing|career_tags_empty
2674417a-4c6c-4e45-85ff-e3fcf72de54a,7660,도화기능사,T,142,14,False,False,True,True,3,1,,False,ncs_mapping_not_prepared|related_jobs_with_evidence_not_prepared|summary_missing|career_tags_empty
3458fbc6-3225-4e58-8ad3-1b553d2c065a,7670,항공사진기능사,T,142,14,False,False,True,True,3,1,,False,ncs_mapping_not_prepared|related_jobs_with_evidence_not_prepared|summary_missing|career_tags_empty
cc48b729-7362-483e-9086-619a046a182a,7680,지도제작기능사,T,142,14,False,False,True,True,3,3,,False,ncs_mapping_not_prepared|related_jobs_with_evidence_not_prepared|summary_missing|career_tags_empty
25a3b93e-ec66-4f5e-9547-ff108ca67911,7700,수산양식기능사,T,244,24,False,False,True,True,3,2,,False,ncs_mapping_not_prepared|related_jobs_with_evidence_not_prepared|summary_missing|career_tags_empty
9a8463d8-0329-4f36-b6ce-00650bd9d33c,7723,한복기능사,T,192,19,False,False,True,True,3,2,,False,ncs_mapping_not_prepared|related_jobs_with_evidence_not_prepared|summary_missing|career_tags_empty
4e75f4a7-8592-41a2-9e61-1cfb5e050945,7761,에너지관리기능사,T,262,26,False,False,True,True,3,8,,False,ncs_mapping_not_prepared|related_jobs_with_evidence_not_prepared|summary_missing|career_tags_empty
51fd9532-b931-4603-8732-439c3ef3d095,7780,전기기능사,T,201,20,False,False,True,True,3,8,,False,ncs_mapping_not_prepared|related_jobs_with_evidence_not_prepared|summary_missing|career_tags_empty
4561632c-2657-416d-ae3f-5d2da480300a,7785,3D프린터운용기능사,T,202,20,False,False,True,True,3,8,,False,ncs_mapping_not_prepared|related_jobs_with_evidence_not_prepared|summary_missing|career_tags_empty
075547de-ab8e-4dfb-8694-74055f6ffd10,7795,사진기능사,T,231,23,False,False,True,True,3,6,,False,ncs_mapping_not_prepared|related_jobs_with_evidence_not_prepared|summary_missing|career_tags_empty
7c4bf030-e3cd-42b5-a3b1-8ea834024a9e,7796,컴퓨터그래픽기능사,T,082,08,False,False,True,True,3,8,,False,ncs_mapping_not_prepared|related_jobs_with_evidence_not_prepared|summary_missing|career_tags_empty
ab84a630-934c-4874-b6cb-10d1a8347abc,7798,웹디자인개발기능사,T,082,08,False,False,True,True,3,8,,False,ncs_mapping_not_prepared|related_jobs_with_evidence_not_prepared|summary_missing|career_tags_empty
ac287fb5-092e-45e2-a732-3f4ac002701f,7834,타워크레인운전기능사,T,146,14,False,False,True,True,3,4,,False,ncs_mapping_not_prepared|related_jobs_with_evidence_not_prepared|summary_missing|career_tags_empty
b7f054ba-25c7-4e36-b3c9-c6dfb62ce094,7835,컨테이너크레인운전기능사,T,146,14,False,False,True,True,3,4,,False,ncs_mapping_not_prepared|related_jobs_with_evidence_not_prepared|summary_missing|career_tags_empty
1d77652f-54a0-4948-bd0f-6df9687931ef,7861,기중기운전기능사,T,146,14,False,False,True,True,3,8,,False,ncs_mapping_not_prepared|related_jobs_with_evidence_not_prepared|summary_missing|career_tags_empty
2cf9450f-5150-487d-968e-1d933e3228e6,7862,굴착기운전기능사,T,146,14,False,False,True,True,3,0,,False,ncs_mapping_not_prepared|related_jobs_with_evidence_not_prepared|summary_missing|career_tags_empty
e3a6b192-1fa3-4561-9b1b-2fb268cee63b,7863,불도저운전기능사,T,146,14,False,False,True,True,3,4,,False,ncs_mapping_not_prepared|related_jobs_with_evidence_not_prepared|summary_missing|career_tags_empty
0751e5e6-2719-497d-add5-faf98e45e4d8,7864,천장크레인운전기능사,T,146,14,False,False,True,True,3,6,,False,ncs_mapping_not_prepared|related_jobs_with_evidence_not_prepared|summary_missing|career_tags_empty
b3cffcd2-36a6-4e05-a712-63276d82876d,7866,로더운전기능사,T,146,14,False,False,True,True,3,8,,False,ncs_mapping_not_prepared|related_jobs_with_evidence_not_prepared|summary_missing|career_tags_empty
322930d1-eba4-450f-96aa-7e9dfa798fe1,7871,롤러운전기능사,T,146,14,False,False,True,True,3,6,,False,ncs_mapping_not_prepared|related_jobs_with_evidence_not_prepared|summary_missing|career_tags_empty
5bec4939-6156-455b-b1af-9896a1f6358b,7872,모터그레이더운전기능사,T,146,14,False,False,True,False,0,0,,False,ncs_mapping_not_prepared|related_jobs_with_evidence_not_prepared|summary_missing|career_tags_empty
f0d06af3-d0e2-4dbc-82a8-015d0ddeda80,7873,아스팔트피니셔운전기능사,T,146,14,False,False,True,False,0,0,,False,ncs_mapping_not_prepared|related_jobs_with_evidence_not_prepared|summary_missing|career_tags_empty
e1dd4cb6-5f3e-47d2-bb02-eb7f8b6234da,7875,지게차운전기능사,T,146,14,False,False,True,True,3,0,,False,ncs_mapping_not_prepared|related_jobs_with_evidence_not_prepared|summary_missing|career_tags_empty
c2729c09-403f-433e-aa36-039fac00ed2f,7889,보석가공기능사,T,232,23,False,False,True,True,3,2,,False,ncs_mapping_not_prepared|related_jobs_with_evidence_not_prepared|summary_missing|career_tags_empty
4248f530-c300-4a97-a0ef-2b7a8e6b7b35,7890,도자공예기능사,T,232,23,False,False,True,True,3,2,,False,ncs_mapping_not_prepared|related_jobs_with_evidence_not_prepared|summary_missing|career_tags_empty
32eb23c7-cf6e-46f8-a2f1-11eb5f1255e6,7892,제과기능사,T,222,22,False,False,True,True,3,0,,False,ncs_mapping_not_prepared|related_jobs_with_evidence_not_prepared|summary_missing|career_tags_empty
57f50e34-c784-4332-950b-336bf5d6a044,7893,제빵기능사,T,222,22,False,False,True,True,3,0,,False,ncs_mapping_not_prepared|related_jobs_with_evidence_not_prepared|summary_missing|career_tags_empty
d26c0a45-0cac-429e-ab48-9d66a0508574,7900,조경기능사,T,143,14,False,False,True,True,3,8,,False,ncs_mapping_not_prepared|related_jobs_with_evidence_not_prepared|summary_missing|career_tags_empty
52afe9b0-cfb9-433b-af4a-f103ffb31286,7901,원예기능사,T,241,24,False,False,True,True,3,2,,False,ncs_mapping_not_prepared|related_jobs_with_evidence_not_prepared|summary_missing|career_tags_empty
f1119282-b737-4045-82ce-e1c320bc6da1,7904,신발제조기능사,T,192,19,False,False,True,True,3,2,,False,ncs_mapping_not_prepared|related_jobs_with_evidence_not_prepared|summary_missing|career_tags_empty
6d0af07f-793a-4fdb-a40e-31ef4a7d5208,7908,이용사,T,121,12,False,False,True,True,3,8,,False,ncs_mapping_not_prepared|related_jobs_with_evidence_not_prepared|summary_missing|career_tags_empty
76f9e2b0-e3d5-47c9-916a-5cf5623f2105,7910,한식조리기능사,T,131,13,False,False,True,True,3,0,,False,ncs_mapping_not_prepared|related_jobs_with_evidence_not_prepared|summary_missing|career_tags_empty
df54ab16-c8fe-4a37-8300-1839d2484262,7911,양식조리기능사,T,131,13,False,False,True,True,3,0,,False,ncs_mapping_not_prepared|related_jobs_with_evidence_not_prepared|summary_missing|career_tags_empty
aad47a6c-9593-4324-ac9e-099b89aec02c,7912,일식조리기능사,T,131,13,False,False,True,True,3,0,,False,ncs_mapping_not_prepared|related_jobs_with_evidence_not_prepared|summary_missing|career_tags_empty
2ae1ed58-a55f-4467-a0a7-e27bfacad9ba,7913,중식조리기능사,T,131,13,False,False,True,True,3,0,,False,ncs_mapping_not_prepared|related_jobs_with_evidence_not_prepared|summary_missing|career_tags_empty
b5187493-687f-4c52-bc2f-dab580786e9d,7914,복어조리기능사,T,131,13,False,False,True,True,3,6,,False,ncs_mapping_not_prepared|related_jobs_with_evidence_not_prepared|summary_missing|career_tags_empty
769a8d35-d5ed-430a-9fbd-0df095a4fd7e,7916,조주기능사,T,131,13,False,False,True,True,3,8,,False,ncs_mapping_not_prepared|related_jobs_with_evidence_not_prepared|summary_missing|career_tags_empty
279a80a0-51c8-48a3-8a77-66a31692f12d,7917,피아노조율기능사,T,232,23,False,False,True,True,3,2,,False,ncs_mapping_not_prepared|related_jobs_with_evidence_not_prepared|summary_missing|career_tags_empty
e71aac3e-1f12-4b21-9b3e-2d1aae09f33e,7918,환경기능사,T,261,26,False,False,True,True,3,8,,False,ncs_mapping_not_prepared|related_jobs_with_evidence_not_prepared|summary_missing|career_tags_empty
9ee8b78e-3224-4d7a-9bab-249fed7aed6e,7930,양화장치운전기능사,T,146,14,False,False,True,True,3,2,,False,ncs_mapping_not_prepared|related_jobs_with_evidence_not_prepared|summary_missing|career_tags_empty
342aaf63-c977-44c6-92e0-9c858fac5ed5,7931,남성복기능사,T,192,19,False,False,True,True,3,2,,False,ncs_mapping_not_prepared|related_jobs_with_evidence_not_prepared|summary_missing|career_tags_empty
2f28853c-4ff1-46b3-b47c-54efcbaa5b35,7932,여성복기능사,T,192,19,False,False,True,True,3,6,,False,ncs_mapping_not_prepared|related_jobs_with_evidence_not_prepared|summary_missing|career_tags_empty
0b71dfa9-4d94-42e0-895c-030b0166b33c,7937,미용사(일반),T,121,12,False,False,True,True,3,0,,False,ncs_mapping_not_prepared|related_jobs_with_evidence_not_prepared|summary_missing|career_tags_empty
c144dee3-54ee-48a0-94e0-37e10f6dcf89,7940,승강기기능사,T,162,16,False,False,True,True,3,8,,False,ncs_mapping_not_prepared|related_jobs_with_evidence_not_prepared|summary_missing|career_tags_empty
0f780fd3-5b95-416e-81c2-eb16ca8eeffd,7947,미용사(피부),T,121,12,False,False,True,True,3,0,,False,ncs_mapping_not_prepared|related_jobs_with_evidence_not_prepared|summary_missing|career_tags_empty
5f47f994-4f3f-47a3-8fe5-fe3500866b72,7957,미용사(네일),T,121,12,False,False,True,True,3,0,,False,ncs_mapping_not_prepared|related_jobs_with_evidence_not_prepared|summary_missing|career_tags_empty
0be1a306-d8e0-4c6c-940b-456e4d5c8395,7960,세탁기능사,T,192,19,False,False,True,True,3,4,,False,ncs_mapping_not_prepared|related_jobs_with_evidence_not_prepared|summary_missing|career_tags_empty
8dc898f9-1f05-4475-bb03-0b552326adc0,7967,미용사(메이크업),T,121,12,False,False,True,True,3,0,,False,ncs_mapping_not_prepared|related_jobs_with_evidence_not_prepared|summary_missing|career_tags_empty
e426b0d6-34c0-4605-95d9-5df7e0b16e3e,7970,화약취급기능사,T,151,15,False,False,True,True,3,2,,False,ncs_mapping_not_prepared|related_jobs_with_evidence_not_prepared|summary_missing|career_tags_empty
dad6ebb3-b2d0-417d-8638-b8029a8d821e,7980,보석감정사,T,232,23,False,False,True,True,3,4,,False,ncs_mapping_not_prepared|related_jobs_with_evidence_not_prepared|summary_missing|career_tags_empty
f00db436-9ce0-4a97-8e6d-f2fdaa201efc,7992,떡제조기능사,T,222,22,False,False,True,True,3,8,,False,ncs_mapping_not_prepared|related_jobs_with_evidence_not_prepared|summary_missing|career_tags_empty
524d2cb9-3146-45f9-b43b-3a6db604ebcb,8070,공구제작기능사보,T,167,16,False,False,False,False,0,0,,False,ncs_mapping_not_prepared|related_jobs_with_evidence_not_prepared|summary_missing|career_tags_empty
0e25b372-7084-488c-af63-309722abef0c,8080,프레스금형기능사보,T,167,16,False,False,False,False,0,0,,False,ncs_mapping_not_prepared|related_jobs_with_evidence_not_prepared|summary_missing|career_tags_empty
cea89cee-7998-4d4f-b5c4-276e02207e03,8090,사출금형기능사보,T,167,16,False,False,False,False,0,0,,False,ncs_mapping_not_prepared|related_jobs_with_evidence_not_prepared|summary_missing|career_tags_empty
7b585c93-ab5f-4d56-be31-5294f625cfa1,9105,국제의료관광코디네이터,T,061,06,False,False,True,True,3,2,,False,ncs_mapping_not_prepared|related_jobs_with_evidence_not_prepared|summary_missing|career_tags_empty
d13f85b0-e4ae-4cbc-bb79-1c1d9c6eaf55,9500,공인노무사,S,,,False,False,False,False,2,0,fetched,False,ncs_mapping_not_prepared|related_jobs_with_evidence_not_prepared|summary_missing|career_tags_empty
47a84ba2-7702-43fe-a1f6-6019f75a0667,9501,일반경비지도사,S,,,False,False,False,False,3,0,fetched,False,ncs_mapping_not_prepared|related_jobs_with_evidence_not_prepared|summary_missing|career_tags_empty
f8e9194e-76a2-40e4-9a67-70e99d69b235,9502,기계경비지도사,S,,,False,False,False,False,0,0,fetched,False,ncs_mapping_not_prepared|related_jobs_with_evidence_not_prepared|summary_missing|career_tags_empty
927c1776-865b-4574-9827-07a3af0ba748,9503,가맹거래사,S,,,False,False,False,False,3,0,fetched,False,ncs_mapping_not_prepared|related_jobs_with_evidence_not_prepared|summary_missing|career_tags_empty
03c60c39-21bd-44a6-9ca9-91ac0ee3abe0,9510,직업상담사1급,T,071,07,False,False,True,True,3,2,,False,ncs_mapping_not_prepared|related_jobs_with_evidence_not_prepared|summary_missing|career_tags_empty
2a9fdec3-8391-407e-9676-fa800d7eadfc,9511,직업상담사2급,T,071,07,False,False,True,True,3,6,,False,ncs_mapping_not_prepared|related_jobs_with_evidence_not_prepared|summary_missing|career_tags_empty
8dd89c0d-c269-4f0d-aac8-b533d244d189,9520,사회조사분석사1급,T,021,02,False,False,True,True,3,2,,False,ncs_mapping_not_prepared|related_jobs_with_evidence_not_prepared|summary_missing|career_tags_empty
0f117f0a-66f2-4015-8a71-7a318ac68a78,9521,사회조사분석사2급,T,021,02,False,False,True,True,3,6,,False,ncs_mapping_not_prepared|related_jobs_with_evidence_not_prepared|summary_missing|career_tags_empty
a935f6c8-f76f-40b8-b202-393d96f75768,9535,컨벤션기획사1급,T,021,02,False,False,True,True,3,2,,False,ncs_mapping_not_prepared|related_jobs_with_evidence_not_prepared|summary_missing|career_tags_empty
78cf7428-85ea-4a37-8405-670a3979fc63,9536,컨벤션기획사2급,T,021,02,False,False,True,True,3,6,,False,ncs_mapping_not_prepared|related_jobs_with_evidence_not_prepared|summary_missing|career_tags_empty
85f55ab4-1289-4152-a722-08d538e469b8,9537,소비자전문상담사1급,T,021,02,False,False,True,True,3,2,,False,ncs_mapping_not_prepared|related_jobs_with_evidence_not_prepared|summary_missing|career_tags_empty
88b911f0-fb90-44bf-9420-44ddf1e9f078,9538,소비자전문상담사2급,T,021,02,False,False,True,True,3,4,,False,ncs_mapping_not_prepared|related_jobs_with_evidence_not_prepared|summary_missing|career_tags_empty
0764840c-a7d4-4558-a62c-f67185807ae9,9539,임상심리사1급,T,061,06,False,False,True,True,3,2,,False,ncs_mapping_not_prepared|related_jobs_with_evidence_not_prepared|summary_missing|career_tags_empty
c03d4a68-dc37-4d01-b4df-2cb425d21780,9540,임상심리사2급,T,061,06,False,False,True,True,3,6,,False,ncs_mapping_not_prepared|related_jobs_with_evidence_not_prepared|summary_missing|career_tags_empty
d7404dff-ec31-4637-a483-9bd642dc9d1e,9541,텔레마케팅관리사,T,101,10,False,False,True,True,3,6,,False,ncs_mapping_not_prepared|related_jobs_with_evidence_not_prepared|summary_missing|career_tags_empty
cd971b12-3489-47dd-a1e6-d7df44c02227,9545,멀티미디어콘텐츠제작전문가,T,211,21,False,False,True,True,3,6,,False,ncs_mapping_not_prepared|related_jobs_with_evidence_not_prepared|summary_missing|career_tags_empty
f60a59f0-cb63-4eda-b4e6-92d15735755a,9546,스포츠경영관리사,T,122,12,False,False,True,True,3,6,,False,ncs_mapping_not_prepared|related_jobs_with_evidence_not_prepared|summary_missing|career_tags_empty
f68bc677-03e6-4a56-a7a6-221451ae0172,9547,이러닝운영관리사,T,041,04,False,False,True,True,3,2,,False,ncs_mapping_not_prepared|related_jobs_with_evidence_not_prepared|summary_missing|career_tags_empty
a631b9ea-489e-4847-9ff4-fefb6ed893ce,9624,관광통역안내사(불어),S,,,False,False,False,False,3,0,fetched,False,ncs_mapping_not_prepared|related_jobs_with_evidence_not_prepared|summary_missing|career_tags_empty
56e8e5f3-1278-4d45-803d-301491a82057,9625,관광통역안내사(독어),S,,,False,False,False,False,3,0,fetched,False,ncs_mapping_not_prepared|related_jobs_with_evidence_not_prepared|summary_missing|career_tags_empty
c3d0290f-215e-4bb2-9509-84bbafee8456,9626,관광통역안내사(스페인어),S,,,False,False,False,False,3,0,fetched,False,ncs_mapping_not_prepared|related_jobs_with_evidence_not_prepared|summary_missing|career_tags_empty
73455334-3180-4992-b9d8-2e13ff118385,9627,관광통역안내사(러시아어),S,,,False,False,False,False,3,0,fetched,False,ncs_mapping_not_prepared|related_jobs_with_evidence_not_prepared|summary_missing|career_tags_empty
e2b2db3d-b023-48c3-9705-24fb6578ecc0,9628,관광통역안내사(일본어),S,,,False,False,False,False,3,0,fetched,False,ncs_mapping_not_prepared|related_jobs_with_evidence_not_prepared|summary_missing|career_tags_empty
aa9b09d7-91c6-4fb5-865d-ce554ad0410a,9629,관광통역안내사(중국어),S,,,False,False,False,False,3,0,fetched,False,ncs_mapping_not_prepared|related_jobs_with_evidence_not_prepared|summary_missing|career_tags_empty
c67fcfff-44e5-4313-bff1-5f8396fe9f94,9630,공인중개사,S,,,False,False,False,False,3,0,fetched,False,ncs_mapping_not_prepared|related_jobs_with_evidence_not_prepared|summary_missing|career_tags_empty
1e998d40-bb75-4d49-82ed-a3a71b3feda8,9631,관광통역안내사(이탈리아어),S,,,False,False,False,False,0,0,failed,False,ncs_mapping_not_prepared|related_jobs_with_evidence_not_prepared|summary_missing|career_tags_empty
3d8e9856-a9c4-4f77-8aef-7a343dd250ad,9632,관광통역안내사(태국어),S,,,False,False,False,False,3,0,fetched,False,ncs_mapping_not_prepared|related_jobs_with_evidence_not_prepared|summary_missing|career_tags_empty
32fd713f-7b20-4bdd-ae36-462aa587098c,9633,관광통역안내사(베트남어),S,,,False,False,False,False,3,0,fetched,False,ncs_mapping_not_prepared|related_jobs_with_evidence_not_prepared|summary_missing|career_tags_empty
33218973-d901-4d45-807f-9631a9b88142,9634,관광통역안내사(말레이/인도네시아어),S,,,False,False,False,False,3,0,fetched,False,ncs_mapping_not_prepared|related_jobs_with_evidence_not_prepared|summary_missing|career_tags_empty
7e6d01dc-dc1f-445f-8432-c7b783d01160,9635,관광통역안내사(아랍어),S,,,False,False,False,False,3,0,fetched,False,ncs_mapping_not_prepared|related_jobs_with_evidence_not_prepared|summary_missing|career_tags_empty
616a8713-fa69-46f5-aaf1-98aa12221098,9640,관세사,S,,,False,False,False,False,2,0,fetched,False,ncs_mapping_not_prepared|related_jobs_with_evidence_not_prepared|summary_missing|career_tags_empty
2dadc40f-e806-4cd9-8e07-ffd88ed08da4,9641,세무사,S,,,False,False,False,False,2,0,fetched,False,ncs_mapping_not_prepared|related_jobs_with_evidence_not_prepared|summary_missing|career_tags_empty
29226e11-057a-4ffa-96f7-cfab034574b5,9657,소방안전교육사,S,,,False,False,False,False,3,0,fetched,False,ncs_mapping_not_prepared|related_jobs_with_evidence_not_prepared|summary_missing|career_tags_empty
6563ec20-f18c-4c29-a525-1ec137867600,9658,소방시설관리사,S,,,False,False,False,False,2,0,fetched,False,ncs_mapping_not_prepared|related_jobs_with_evidence_not_prepared|summary_missing|career_tags_empty
cda6edfb-78f7-47c5-bee4-cd6e2bbb4705,9659,박물관및미술관준학예사,S,,,False,False,False,False,2,0,fetched,False,ncs_mapping_not_prepared|related_jobs_with_evidence_not_prepared|summary_missing|career_tags_empty
3633e89e-dbd3-45d1-b58a-dc2133cf904e,9660,한국어교육능력검정시험,S,,,False,False,False,False,3,0,fetched,False,ncs_mapping_not_prepared|related_jobs_with_evidence_not_prepared|summary_missing|career_tags_empty
83fc2ce5-e30d-40be-8edd-29dcd8427271,9661,관광통역안내사(영어),S,,,False,False,False,False,3,0,fetched,False,ncs_mapping_not_prepared|related_jobs_with_evidence_not_prepared|summary_missing|career_tags_empty
ada3cff3-3049-4263-9948-ef40884e59d2,9662,호텔경영사,S,,,False,False,False,False,0,0,fetched,False,ncs_mapping_not_prepared|related_jobs_with_evidence_not_prepared|summary_missing|career_tags_empty
acf2115a-8387-41e0-9ca9-6bfbb0e2db99,9663,호텔관리사,S,,,False,False,False,False,2,0,fetched,False,ncs_mapping_not_prepared|related_jobs_with_evidence_not_prepared|summary_missing|career_tags_empty
b3e16dcc-41b2-42ad-a67b-740dd54d5ba8,9664,국내여행안내사,S,,,False,False,False,False,2,0,fetched,False,ncs_mapping_not_prepared|related_jobs_with_evidence_not_prepared|summary_missing|career_tags_empty
807586e2-aad7-400e-a069-0fce40e8ee6a,9665,호텔서비스사,S,,,False,False,False,False,2,0,fetched,False,ncs_mapping_not_prepared|related_jobs_with_evidence_not_prepared|summary_missing|career_tags_empty
f8fc5cbe-201f-4e1a-9710-c0fe59bb40ae,9666,국가유산수리기술자(보수),S,,,False,False,False,False,0,0,empty,False,ncs_mapping_not_prepared|related_jobs_with_evidence_not_prepared|summary_missing|career_tags_empty
4eda3be5-9a23-4c55-a844-8bc7a267700a,9667,국가유산수리기술자(단청),S,,,False,False,False,False,0,0,empty,False,ncs_mapping_not_prepared|related_jobs_with_evidence_not_prepared|summary_missing|career_tags_empty
eeddbc54-17df-4550-9e11-8c8421bc17d5,9668,국가유산수리기술자(실측설계),S,,,False,False,False,False,0,0,empty,False,ncs_mapping_not_prepared|related_jobs_with_evidence_not_prepared|summary_missing|career_tags_empty
39727790-e9e2-4694-b080-422ac11ae392,9669,국가유산수리기술자(조경),S,,,False,False,False,False,0,0,empty,False,ncs_mapping_not_prepared|related_jobs_with_evidence_not_prepared|summary_missing|career_tags_empty
9eb2e8c3-ae47-40fb-bce7-aabc2ab765c9,9670,국가유산수리기술자(보존과학),S,,,False,False,False,False,0,0,empty,False,ncs_mapping_not_prepared|related_jobs_with_evidence_not_prepared|summary_missing|career_tags_empty
be70f1da-2eef-4186-8bcd-20f949961a99,9671,국가유산수리기술자(식물보호),S,,,False,False,False,False,0,0,empty,False,ncs_mapping_not_prepared|related_jobs_with_evidence_not_prepared|summary_missing|career_tags_empty
79881060-081b-44bf-935b-4c0321375953,9672,국가유산수리기능자(대목수),S,,,False,False,False,False,0,0,empty,False,ncs_mapping_not_prepared|related_jobs_with_evidence_not_prepared|summary_missing|career_tags_empty
fa26a10d-3398-4c48-8dc9-8b5ebf364b65,9673,국가유산수리기능자(소목수),S,,,False,False,False,False,0,0,empty,False,ncs_mapping_not_prepared|related_jobs_with_evidence_not_prepared|summary_missing|career_tags_empty
170b5d3a-4dc8-4e25-bc4c-4674fc3a295f,9674,국가유산수리기능자(가공석공),S,,,False,False,False,False,0,0,empty,False,ncs_mapping_not_prepared|related_jobs_with_evidence_not_prepared|summary_missing|career_tags_empty
79f59cea-dd8a-4955-969d-c206c8520ce7,9675,국가유산수리기능자(쌓기석공),S,,,False,False,False,False,0,0,empty,False,ncs_mapping_not_prepared|related_jobs_with_evidence_not_prepared|summary_missing|career_tags_empty
b006ccb7-a12e-4ca0-8548-ff1a7c19d0c9,9676,국가유산수리기능자(화공),S,,,False,False,False,False,0,0,empty,False,ncs_mapping_not_prepared|related_jobs_with_evidence_not_prepared|summary_missing|career_tags_empty
6630634a-c609-4d4e-8600-78a9b1a3baed,9677,국가유산수리기능자(드잡이공),S,,,False,False,False,False,0,0,empty,False,ncs_mapping_not_prepared|related_jobs_with_evidence_not_prepared|summary_missing|career_tags_empty
afd9f432-39bd-4e32-8436-e75ba0971bee,9678,국가유산수리기능자(번와와공),S,,,False,False,False,False,0,0,empty,False,ncs_mapping_not_prepared|related_jobs_with_evidence_not_prepared|summary_missing|career_tags_empty
3239f60d-5d57-4691-adb8-d71b8f9a1e28,9679,국가유산수리기능자(제작와공),S,,,False,False,False,False,0,0,empty,False,ncs_mapping_not_prepared|related_jobs_with_evidence_not_prepared|summary_missing|career_tags_empty
054d8502-3689-4dd8-84fc-e8242730da01,9680,국가유산수리기능자(한식미장공),S,,,False,False,False,False,0,0,empty,False,ncs_mapping_not_prepared|related_jobs_with_evidence_not_prepared|summary_missing|career_tags_empty
6fd5414a-cc3e-4fdc-a2a7-dc69a841895b,9681,국가유산수리기능자(철물공),S,,,False,False,False,False,0,0,empty,False,ncs_mapping_not_prepared|related_jobs_with_evidence_not_prepared|summary_missing|career_tags_empty
8cefb59e-2bfb-45ec-afeb-5a1df48703a8,9682,국가유산수리기능자(목조각공),S,,,False,False,False,False,0,0,empty,False,ncs_mapping_not_prepared|related_jobs_with_evidence_not_prepared|summary_missing|career_tags_empty
b0c69cba-85fc-45aa-95fa-12824cf3304b,9683,국가유산수리기능자(석조각공),S,,,False,False,False,False,0,0,empty,False,ncs_mapping_not_prepared|related_jobs_with_evidence_not_prepared|summary_missing|career_tags_empty
16ce9a61-ef91-4b31-b559-c360abd6beb3,9684,국가유산수리기능자(칠공),S,,,False,False,False,False,0,0,empty,False,ncs_mapping_not_prepared|related_jobs_with_evidence_not_prepared|summary_missing|career_tags_empty
15b31e22-c8ec-4b10-a4ad-e041493fad67,9685,국가유산수리기능자(도금공),S,,,False,False,False,False,0,0,empty,False,ncs_mapping_not_prepared|related_jobs_with_evidence_not_prepared|summary_missing|career_tags_empty
fe7d99df-4c1f-46b8-9475-1cc63f5c6ddc,9686,국가유산수리기능자(표구공),S,,,False,False,False,False,0,0,empty,False,ncs_mapping_not_prepared|related_jobs_with_evidence_not_prepared|summary_missing|career_tags_empty
1fd28a49-ef95-4e99-88de-2016217dc108,9687,국가유산수리기능자(조경공),S,,,False,False,False,False,0,0,empty,False,ncs_mapping_not_prepared|related_jobs_with_evidence_not_prepared|summary_missing|career_tags_empty
724c7030-6632-4ef0-b0c2-468f351b29e9,9688,국가유산수리기능자(세척공),S,,,False,False,False,False,0,0,empty,False,ncs_mapping_not_prepared|related_jobs_with_evidence_not_prepared|summary_missing|career_tags_empty
2738d505-f03b-4178-a15d-c462b5ecad5e,9689,국가유산수리기능자(훈증공),S,,,False,False,False,False,0,0,empty,False,ncs_mapping_not_prepared|related_jobs_with_evidence_not_prepared|summary_missing|career_tags_empty
27c7ea64-00c2-4211-84ed-59feb59e7856,9690,국가유산수리기능자(보존처리공),S,,,False,False,False,False,0,0,empty,False,ncs_mapping_not_prepared|related_jobs_with_evidence_not_prepared|summary_missing|career_tags_empty
05bf3774-a702-452e-b017-284da0ae0498,9691,국가유산수리기능자(식물보호공),S,,,False,False,False,False,0,0,empty,False,ncs_mapping_not_prepared|related_jobs_with_evidence_not_prepared|summary_missing|career_tags_empty
9e70aac4-b4aa-4e3b-a0c5-7874f939a742,9692,국가유산수리기능자(실측설계사보),S,,,False,False,False,False,0,0,empty,False,ncs_mapping_not_prepared|related_jobs_with_evidence_not_prepared|summary_missing|career_tags_empty
b44881ac-032a-4a2e-b949-7c617da6f3cd,9693,국가유산수리기능자(박제및표본제작공),S,,,False,False,False,False,0,0,empty,False,ncs_mapping_not_prepared|related_jobs_with_evidence_not_prepared|summary_missing|career_tags_empty
22db8db6-13e5-42da-a099-41434ab3c829,9694,국가유산수리기능자(온돌공),S,,,False,False,False,False,0,0,empty,False,ncs_mapping_not_prepared|related_jobs_with_evidence_not_prepared|summary_missing|career_tags_empty
0edd05fa-46a8-4d60-8f4b-18adb9631173,9695,농산물품질관리사,S,,,False,False,False,False,2,0,fetched,False,ncs_mapping_not_prepared|related_jobs_with_evidence_not_prepared|summary_missing|career_tags_empty
57bf471d-5ede-4f2f-8b3f-ae15a19c5410,9696,경매사(청과),S,,,False,False,False,False,0,0,empty,False,ncs_mapping_not_prepared|related_jobs_with_evidence_not_prepared|summary_missing|career_tags_empty
a4f5ee7b-3c4c-4e63-a632-3f3c843b920e,9697,경매사(수산),S,,,False,False,False,False,0,0,empty,False,ncs_mapping_not_prepared|related_jobs_with_evidence_not_prepared|summary_missing|career_tags_empty
5b6d072c-79e4-43e6-9215-7bb1c7c8da48,9698,경매사(축산),S,,,False,False,False,False,2,0,fetched,False,ncs_mapping_not_prepared|related_jobs_with_evidence_not_prepared|summary_missing|career_tags_empty
4f7a7849-2869-44e3-8b88-f1ecc0c4a453,9699,경매사(화훼),S,,,False,False,False,False,0,0,empty,False,ncs_mapping_not_prepared|related_jobs_with_evidence_not_prepared|summary_missing|career_tags_empty
72d5e436-8e3d-49e6-8d49-cbc9bdc89134,9700,경매사(약용),S,,,False,False,False,False,0,0,empty,False,ncs_mapping_not_prepared|related_jobs_with_evidence_not_prepared|summary_missing|career_tags_empty
8a37ab63-547b-44ae-a967-5dbfd76abd82,9701,경영지도사(인적자원관리),S,,,False,False,False,False,2,0,fetched,False,ncs_mapping_not_prepared|related_jobs_with_evidence_not_prepared|summary_missing|career_tags_empty
caf7bd34-ac2c-4d2b-8498-8701562e91d5,9702,경영지도사(재무관리),S,,,False,False,False,False,2,0,fetched,False,ncs_mapping_not_prepared|related_jobs_with_evidence_not_prepared|summary_missing|career_tags_empty
cd151497-77c2-4758-926c-2f94aa49ac8e,9703,경영지도사(생산관리),S,,,False,False,False,False,2,0,fetched,False,ncs_mapping_not_prepared|related_jobs_with_evidence_not_prepared|summary_missing|career_tags_empty
25b844ca-0693-4a99-bc83-8aaa9135631b,9704,경영지도사(마케팅),S,,,False,False,False,False,2,0,fetched,False,ncs_mapping_not_prepared|related_jobs_with_evidence_not_prepared|summary_missing|career_tags_empty
fbba61b7-4f8b-44cd-8fa5-a498e4d10ea3,9705,경영지도사(1차공통),S,,,False,False,False,False,2,0,fetched,False,ncs_mapping_not_prepared|related_jobs_with_evidence_not_prepared|summary_missing|career_tags_empty
49ba6d10-0cfd-4c87-a284-832c6aecb460,9706,국가유산수리기능자(모사공),S,,,False,False,False,False,0,0,empty,False,ncs_mapping_not_prepared|related_jobs_with_evidence_not_prepared|summary_missing|career_tags_empty
7a8908c4-3945-4523-a19b-d80db92aeaf6,9711,산업안전지도사(기계안전),S,,,False,False,False,False,2,0,fetched,False,ncs_mapping_not_prepared|related_jobs_with_evidence_not_prepared|summary_missing|career_tags_empty
fb72a6da-25bb-4979-a5e0-8f4b12907429,9712,산업안전지도사(전기안전),S,,,False,False,False,False,2,0,fetched,False,ncs_mapping_not_prepared|related_jobs_with_evidence_not_prepared|summary_missing|career_tags_empty
cdbfdaad-6cc2-4f20-becb-4c92c6f0ea0d,9713,산업안전지도사(화공안전),S,,,False,False,False,False,2,0,fetched,False,ncs_mapping_not_prepared|related_jobs_with_evidence_not_prepared|summary_missing|career_tags_empty
91284308-265e-481b-8fc2-d5bcff57f800,9714,산업안전지도사(건설안전),S,,,False,False,False,False,2,0,fetched,False,ncs_mapping_not_prepared|related_jobs_with_evidence_not_prepared|summary_missing|career_tags_empty
ef203a22-f410-40ab-91c6-5c41a80934b1,9715,산업보건지도사(직업환경의학),S,,,False,False,False,False,2,0,fetched,False,ncs_mapping_not_prepared|related_jobs_with_evidence_not_prepared|summary_missing|career_tags_empty
a90e4e9f-9e99-4acc-99c8-f9d1436894b0,9716,산업보건지도사(산업위생공학),S,,,False,False,False,False,2,0,fetched,False,ncs_mapping_not_prepared|related_jobs_with_evidence_not_prepared|summary_missing|career_tags_empty
2e4705eb-b168-428e-a844-4a7a2baa2c45,9721,일반행정사,S,,,False,False,False,False,2,0,fetched,False,ncs_mapping_not_prepared|related_jobs_with_evidence_not_prepared|summary_missing|career_tags_empty
499a708e-14a7-4982-bc6e-7a4cf9ff0e97,9722,외국어번역행정사,S,,,False,False,False,False,2,0,fetched,False,ncs_mapping_not_prepared|related_jobs_with_evidence_not_prepared|summary_missing|career_tags_empty
e3df0c83-978a-4946-9d80-52cd90c4c0e6,9723,해사행정사,S,,,False,False,False,False,2,0,fetched,False,ncs_mapping_not_prepared|related_jobs_with_evidence_not_prepared|summary_missing|career_tags_empty
dfd7a081-a0d7-43fe-a5a7-d5858d26e886,9728,경매사(양곡),S,,,False,False,False,False,0,0,empty,False,ncs_mapping_not_prepared|related_jobs_with_evidence_not_prepared|summary_missing|career_tags_empty
05fc21c0-1528-4a8b-955b-f7b446e283c3,9729,기술지도사(1차공통),S,,,False,False,False,False,2,0,fetched,False,ncs_mapping_not_prepared|related_jobs_with_evidence_not_prepared|summary_missing|career_tags_empty
8ed9d955-e1b5-41f4-a3be-4a8b1202994b,9737,변리사,S,,,False,False,False,False,3,0,fetched,False,ncs_mapping_not_prepared|related_jobs_with_evidence_not_prepared|summary_missing|career_tags_empty
4ffe0268-8d51-41ea-b0bb-baa2960afa24,9738,사회복지사 1급,S,,,False,False,False,False,3,0,fetched,False,ncs_mapping_not_prepared|related_jobs_with_evidence_not_prepared|summary_missing|career_tags_empty
50ce56fb-fd4e-4fc3-9ba8-7eeffc53922d,9739,정수시설운영관리사1급,S,,,False,False,False,False,2,0,fetched,False,ncs_mapping_not_prepared|related_jobs_with_evidence_not_prepared|summary_missing|career_tags_empty
c93ae0fc-67ca-4b57-87fe-26523d27e939,9740,정수시설운영관리사2급,S,,,False,False,False,False,0,0,fetched,False,ncs_mapping_not_prepared|related_jobs_with_evidence_not_prepared|summary_missing|career_tags_empty
2d5b9154-d6f4-4f12-a758-1efdb628c558,9741,정수시설운영관리사3급,S,,,False,False,False,False,2,0,fetched,False,ncs_mapping_not_prepared|related_jobs_with_evidence_not_prepared|summary_missing|career_tags_empty
dd12c536-8bfe-49a2-9378-86066bd43b29,9744,주택관리사보,S,,,False,False,False,False,2,0,fetched,False,ncs_mapping_not_prepared|related_jobs_with_evidence_not_prepared|summary_missing|career_tags_empty
eb848dd2-bda7-4039-ab6e-1ee4f1d91788,9745,감정평가사,S,,,False,False,False,False,2,0,fetched,False,ncs_mapping_not_prepared|related_jobs_with_evidence_not_prepared|summary_missing|career_tags_empty
5e17f258-a5b6-486d-83fa-cb944fd5e703,9746,물류관리사,S,,,False,False,False,False,2,0,fetched,False,ncs_mapping_not_prepared|related_jobs_with_evidence_not_prepared|summary_missing|career_tags_empty
c38d9b4c-3247-4d45-a5d5-7d47c3f02b57,9747,검수사,S,,,False,False,False,False,2,0,fetched,False,ncs_mapping_not_prepared|related_jobs_with_evidence_not_prepared|summary_missing|career_tags_empty
8b9756d6-d05c-4890-9fe3-19f09c58f77e,9748,검량사,S,,,False,False,False,False,2,0,fetched,False,ncs_mapping_not_prepared|related_jobs_with_evidence_not_prepared|summary_missing|career_tags_empty
578d980a-ac49-4fba-a67b-22ca9b3c74ba,9749,감정사,S,,,False,False,False,False,2,0,fetched,False,ncs_mapping_not_prepared|related_jobs_with_evidence_not_prepared|summary_missing|career_tags_empty
7a6f89ce-ab3c-49b6-8912-730ffbabc04e,9750,1급 청소년지도사,S,,,False,False,False,False,2,0,fetched,False,ncs_mapping_not_prepared|related_jobs_with_evidence_not_prepared|summary_missing|career_tags_empty
3797161a-36bd-438b-a137-d49569d146a2,9751,2급 청소년지도사,S,,,False,False,False,False,2,0,fetched,False,ncs_mapping_not_prepared|related_jobs_with_evidence_not_prepared|summary_missing|career_tags_empty
26211e3a-4c2f-4519-9232-fcc0fe749c2c,9752,3급 청소년지도사,S,,,False,False,False,False,2,0,fetched,False,ncs_mapping_not_prepared|related_jobs_with_evidence_not_prepared|summary_missing|career_tags_empty
88479cf1-f91c-497a-a907-07a50588bac6,9753,1급 청소년상담사,S,,,False,False,False,False,0,0,failed,False,ncs_mapping_not_prepared|related_jobs_with_evidence_not_prepared|summary_missing|career_tags_empty
edaaf2ca-537e-41ad-a21f-b47c80f29efa,9754,2급 청소년상담사,S,,,False,False,False,False,0,0,failed,False,ncs_mapping_not_prepared|related_jobs_with_evidence_not_prepared|summary_missing|career_tags_empty
0be614ce-5be1-4292-b9d5-c6ad827ee60c,9755,3급 청소년상담사,S,,,False,False,False,False,0,0,failed,False,ncs_mapping_not_prepared|related_jobs_with_evidence_not_prepared|summary_missing|career_tags_empty
627401d8-3d83-4412-b448-87963eab3c5c,9758,기술지도사(기술혁신관리),S,,,False,False,False,False,0,0,empty,False,ncs_mapping_not_prepared|related_jobs_with_evidence_not_prepared|summary_missing|career_tags_empty
51ec00fc-25a6-4b3d-8273-e24db24949d0,9759,기술지도사(정보기술관리),S,,,False,False,False,False,0,0,empty,False,ncs_mapping_not_prepared|related_jobs_with_evidence_not_prepared|summary_missing|career_tags_empty
45cf0abe-0bc6-4b75-8248-ab8f052dccb3,9762,수산물품질관리사,S,,,False,False,False,False,3,0,fetched,False,ncs_mapping_not_prepared|related_jobs_with_evidence_not_prepared|summary_missing|career_tags_empty
b24b425b-0fb8-47b6-b887-0a983b8ae803,9763,손해평가사,S,,,False,False,False,False,3,0,fetched,False,ncs_mapping_not_prepared|related_jobs_with_evidence_not_prepared|summary_missing|career_tags_empty
0933686a-85d7-4dbf-ac3f-4d3a53639767,9771,스마트공장기능사,T,162,16,False,False,True,False,0,0,,False,ncs_mapping_not_prepared|related_jobs_with_evidence_not_prepared|summary_missing|career_tags_empty
c4fb6767-9310-498e-b19f-8ac920fe78bd,9772,스마트공장산업기사,T,162,16,False,False,True,False,0,0,,False,ncs_mapping_not_prepared|related_jobs_with_evidence_not_prepared|summary_missing|career_tags_empty
c036b039-aa0e-4087-9d4b-ccb726cf573d,9773,산림기능장,T,243,24,False,False,True,True,3,2,,False,ncs_mapping_not_prepared|related_jobs_with_evidence_not_prepared|summary_missing|career_tags_empty
4ebbac54-e99a-4186-937f-1129a23d1332,9774,이륜자동차정비기능사,T,166,16,False,False,True,True,1,0,,False,ncs_mapping_not_prepared|related_jobs_with_evidence_not_prepared|summary_missing|career_tags_empty
7a3d8897-4b5f-4fc9-9391-25d4f7188de7,9775,바이오공정기능사,T,181,18,False,False,True,False,0,0,,False,ncs_mapping_not_prepared|related_jobs_with_evidence_not_prepared|summary_missing|career_tags_empty
3ebd667b-8925-4be8-8a3c-ae0e2d14f1bc,9776,봉제기능사,T,192,19,False,False,True,True,2,1,,False,ncs_mapping_not_prepared|related_jobs_with_evidence_not_prepared|summary_missing|career_tags_empty
28c7c8db-75aa-4d38-ab42-ae60b80c049d,9777,공공조달관리사,T,011,01,False,False,True,True,2,1,,False,ncs_mapping_not_prepared|related_jobs_with_evidence_not_prepared|summary_missing|career_tags_empty
